# Resource object code (Python 3)
# Created by: object code
# Created by: The Resource Compiler for Qt version 6.11.2
# WARNING! All changes made in this file will be lost!

from PySide6 import QtCore

qt_resource_data = b"\
\x00\x00\x18\xa0\
\x89\
PNG\x0d\x0a\x1a\x0a\x00\x00\x00\x0dIHDR\x00\
\x00\x02\x00\x00\x00\x02\x00\x08\x03\x00\x00\x00\xc3\xa6$\xc8\
\x00\x00\x00\x03sBIT\x08\x08\x08\xdb\xe1O\xe0\x00\
\x00\x00\x09pHYs\x00\x00\x17\xdc\x00\x00\x17\xdc\x01\
\x19\x04WV\x00\x00\x00\x19tEXtSoft\
ware\x00www.inkscap\
e.org\x9b\xee<\x1a\x00\x00\x02\xf4PLT\
E\xff\xff\xff\x00\x00\x00\x00\x00\x00\x00\x00\x00\x00\x00\x00\
\x00\x00\x00\x00\x00\x00\x00\x00\x00\x00\x00\x00\x00\x00\x00\x00\
\x00\x00\x00\x00\x00\x00\x00\x00\x00\x00\x00\x00\x00\x00\x00\x00\
\x00\x00\x00\x00\x00\x00\x00\x00\x00\x00\x00\x00\x00\x00\x00\x00\
\x00\x00\x00\x00\x00\x00\x00\x00\x00\x00\x00\x00\x00\x00\x00\x00\
\x00\x00\x00\x00\x00\x00\x00\x00\x00\x00\x00\x00\x00\x00\x00\x00\
\x00\x00\x00\x00\x00\x00\x00\x00\x00\x00\x00\x00\x00\x00\x00\x00\
\x00\x00\x00\x00\x00\x00\x00\x00\x00\x00\x00\x00\x00\x00\x00\x00\
\x00\x00\x00\x00\x00\x00\x00\x00\x00\x00\x00\x00\x00\x00\x00\x00\
\x00\x00\x00\x00\x00\x00\x00\x00\x00\x00\x00\x00\x00\x00\x00\x00\
\x00\x00\x00\x00\x00\x00\x00\x00\x00\x00\x00\x00\x00\x00\x00\x00\
\x00\x00\x00\x00\x00\x00\x00\x00\x00\x00\x00\x00\x00\x00\x00\x00\
\x00\x00\x00\x00\x00\x00\x00\x00\x00\x00\x00\x00\x00\x00\x00\x00\
\x00\x00\x00\x00\x00\x00\x00\x00\x00\x00\x00\x00\x00\x00\x00\x00\
\x00\x00\x00\x00\x00\x00\x00\x00\x00\x00\x00\x00\x00\x00\x00\x00\
\x00\x00\x00\x00\x00\x00\x00\x00\x00\x00\x00\x00\x00\x00\x00\x00\
\x00\x00\x00\x00\x00\x00\x00\x00\x00\x00\x00\x00\x00\x00\x00\x00\
\x00\x00\x00\x00\x00\x00\x00\x00\x00\x00\x00\x00\x00\x00\x00\x00\
\x00\x00\x00\x00\x00\x00\x00\x00\x00\x00\x00\x00\x00\x00\x00\x00\
\x00\x00\x00\x00\x00\x00\x00\x00\x00\x00\x00\x00\x00\x00\x00\x00\
\x00\x00\x00\x00\x00\x00\x00\x00\x00\x00\x00\x00\x00\x00\x00\x00\
\x00\x00\x00\x00\x00\x00\x00\x00\x00\x00\x00\x00\x00\x00\x00\x00\
\x00\x00\x00\x00\x00\x00\x00\x00\x00\x00\x00\x00\x00\x00\x00\x00\
\x00\x00\x00\x00\x00\x00\x00\x00\x00\x00\x00\x00\x00\x00\x00\x00\
\x00\x00\x00\x00\x00\x00\x00\x00\x00\x00\x00\x00\x00\x00\x00\x00\
\x00\x00\x00\x00\x00\x00\x00\x00\x00\x00\x00\x00\x00\x00\x00\x00\
\x00\x00\x00\x00\x00\x00\x00\x00\x00\x00\x00\x00\x00\x00\x00\x00\
\x00\x00\x00\x00\x00\x00\x00\x00\x00\x00\x00\x00\x00\x00\x00\x00\
\x00\x00\x00\x00\x00\x00\x00\x00\x00\x00\x00\x00\x00\x00\x00\x00\
\x00\x00\x00\x00\x00\x00\x00\x00\x00\x00\x00\x00\x00\x00\x00\x00\
\x00\x00\x00\x00\x00\x00\x00\x00\x00\x00\x00\x00\x00\x00\x00\x00\
\x00\x00\x00\x00\x00\x00\x00\x00\x00\x00\x00\x00\x00\x00\x00\x00\
\x00\x00\x00\x00\x00\x00\x00\x00\x00\x00\x00\x00\x00\x00\x00\x00\
\x00\x00\x00\x00\x00\x00\x00\x00\x00\x00\x00\x00\x00\x00\x00\x00\
\x00\x00\x00\x00\x00\x00\x00\x00\x00\x00\x00\x00\x00\x00\x00\x00\
\x00\x00\x00\x00\x00\x00\x00\x00\x00\x00\x00\x00\x00\x00\x00\x00\
\x00\x00\x00\x00\x00\x00\x00\x00\x00\x00\x00\x00\x00\x00\x00\x00\
\x00\x00\x00\x00\x00\x00\x00\x00\x00\x00\x00\x00\x00\x00\x00\x00\
\x00\x00\x00\x00\x00\x00\x00\x00\x00\x00\x00\x00\x00\x00\x00\x00\
\x00\x00\x00\x00\x00\x00\x00\x00\x00\x00\x00\x00\x00\x00\x00\x00\
\x00\x00\x00\x00\x00\x00\x00\x00\x00\x00\x00\x00\x00\x00\x00\x00\
\x00\x00\x00\x00\x00\x00\x00\x00\x00\x00\x00\x00\x00\x00\x00\x00\
\x00\x00\x00\x00\x00\x00\x00\x00\x00\x00\x00\x00\x00\x00\x00\x00\
\x00\x00\x00\x00\x00\x00\x00\x00\x00\x00\x00\x00\x00\x00\x00\x00\
\x00\x00\x00\x00\x00\x00\x00\x00\x00\x00\x00\x00\x00\x00\x00\x00\
\x00\x00\x00\x00\x00\x00\x00\x00\x00\x00\x00\x00\x00\x00\x00\x00\
\x00\x00\x00\x00\x00\x00\x00\x00\x00\x00\x00\x00\x00\x00\x00\x00\
\x00\x00\x00\x00\x00\xc5\x17\xe8\xfd\x00\x00\x00\xfbtRN\
S\x00\x01\x02\x03\x04\x05\x06\x07\x08\x09\x0a\x0b\x0c\x0d\x0e\
\x0f\x10\x11\x12\x13\x14\x15\x16\x17\x18\x19\x1a\x1b\x1c\x1d\x1e\
\x1f !\x22#$%&'()*,-./\
0123456789:;<=>?\
@ABCDEFGHIJKLMNO\
PQRSTUVWXYZ[\x5c]^_\
`abcdeghijklmnop\
qrstuwxyz{|}~\x7f\x80\x81\
\x82\x83\x84\x85\x86\x87\x88\x89\x8a\x8b\x8c\x8d\x8e\x8f\x90\x91\
\x92\x93\x94\x95\x96\x97\x98\x99\x9a\x9b\x9c\x9d\x9e\x9f\xa0\xa1\
\xa2\xa3\xa4\xa5\xa6\xa7\xa8\xa9\xaa\xab\xac\xad\xae\xaf\xb0\xb1\
\xb2\xb3\xb4\xb5\xb6\xb7\xb8\xb9\xba\xbb\xbc\xbd\xbe\xbf\xc0\xc1\
\xc2\xc3\xc4\xc6\xc7\xc8\xc9\xca\xcb\xcc\xcd\xce\xcf\xd0\xd1\xd2\
\xd3\xd4\xd5\xd6\xd7\xd8\xd9\xda\xdb\xdc\xdd\xde\xdf\xe0\xe1\xe2\
\xe3\xe4\xe5\xe6\xe7\xe8\xe9\xea\xeb\xec\xed\xee\xef\xf0\xf1\xf2\
\xf3\xf4\xf5\xf6\xf7\xf8\xf9\xfa\xfb\xfc\xfd\xfe\xb6\xa9\xfa\xdc\
\x00\x00\x14\x17IDATx\xda\xed\xddi`T\xe5\
\xbd\x80\xf1\x93\x85%\xa0\x04\x09`\x90D\x04\x0c\xa8\x08\
H\x0a\x04\xa5 \x08%E\x0cFe-k\xd8b\x84\
\x8b\x04e+J\x90E\x94\x0bUv\x94\x06\xda\x0a\x0a\
\x94\xb4R0leQ\x0cK\x90+\x9b\x02\x96\x0ba\
\x11B\x12\x120{\xfe_\xee\x07\xb9\x8a\x08\x93\x9c9\
\xfb\x9c\xe7\xf9*\xce\xcc\xfb\x7f\x7f\x0csf\xce\x9cQ\
\x14\x22\x22\x22\x22\x22\x22\x22\x22\x22\x22\x22\x22\x22\x22\x22\
\x22\x22\x22\x22\x22\x22\x22\x22\x22\x22\x22\x22\x22\x22\x22\x22\
\x22\x22\x22\x22\x22\x22\x22\x22\x22\x22\x22\x22\x22\x22\x22\x22\
\x22\x22\x22\x22\x22\x22\x22\x22\x22\x22\x22\x22\xb2i\x11\xcf\
\x8dLZ0w\xc6\x94\xc4\x84\xb8~\xb1\xd1\x1d\xdb6\
\x8f\x08\xab]=\x80\xb9h+\xa0z\xed\xb0\x88\xe6m\
;F\xc7\xf6\x8bKH\x9c2c\xee\x82\xa4Q\xcfE\
\xd8\xefq>=\xef\xa4\xdc\xb1\xac#[\x92g\xbe\xf2\
B\xd4\x83\x95\xd8\xcc\x8aW\xe9\xc1\xa8\x17^\x99\x99\xbc\
\xe5H\xd6\x9d\xa7zr\xde\xd3\xb6z\xbc\xed\xf6H\xb9\
\x95]\xfej\xd3\x07I\xa3b~\xf3\x00\xcf\x0aw\xfb\
\xdb\xfe\xc0obF%}\xb0\xe9\xab\xcbe\xe5\xcfs\
O;\xdb<\xee\x90\xf5\xa2\xaa\x92\x93)3\x07\xb4\xaa\
\xc6\x86\xff\x5c\xb5V\x03f\xa6\x9c,Q7\xc7\xf5!\
\xf6x\xf0\xcdN\x8b7\x95}\xf7\xe9\xdb\x83#+\xbb\
}\xeb+G\x0e~\xfb\xd3\xef\xca\xbc\x1a\xe1\xe9fv\
X\xc1\xb3y\xa2\xa1\x82\xb4\x05\x83\x1f\xf5w\xe7\xde\xfb\
=2hAZ\x81\x96\xe9\xe5>k\xfd*\xda\xe6\x8b\
\xe6rw\xbc\xfd\xd2\x83\xee\xda\xfc\xf0\x17fo\xbf\xa6\
}r\xf9m\xad^H\xd8E\xd1\xa9\x0b\x7f\x19\x1c\xe6\
\x8e\xcd\xaf?he\x86^S\xbbh\xf1\xcc\x02\x0e\x8a\
\x9e\x9dX\xf0|M\xdf\xde\xfc\xe0\x9e\xef\x1f\xd7ud\
\x07\xad=\xa6\x1a.zW\x926\xa3S\x15\xdf\xdc\xfc\
*\x9df|Y\xa2\xfb\xc0\x86[\xb9\xa4\xa0\x0c1\xa2\
\xebk\xfb\xde\xebk\xbb\x7fo\xdf\xb5\xd7\x0d\x19VF\
\x90\x85\xabJ\x14\xa3*\xd8\x18\x17\xe2;\xbb\x1f\x12\xb7\
\xb1\xc0\xb0Q%Z\xb8\xb0t1\xb0\x92\xed\x09\x0f\xf8\
\xc2\xee?\x90\xb0\xbd\xc4\xc89\xa5[x\x08 \x06W\
\xb671\xd4\xd9\xbb\x1f\x9a\xb8\xb7\xcc\xe8)Yw \
0J\x8c\xaf\xf8\xef\xdd\x1d\xfb>\x91\x7f\xf7\xbf\x17\x9b\
0\xa2Q\x96-0YL\xe9\xdc\xb4\x06N\xdc\xfe\x06\
\xd3\xce\x993\x9fd\xcb\x96\x98*&U\xfa\xd9K\x0e\
\xfb4\xb9\xd2K\x9f\x95\x9a5\x9dT\xcbVyX\xcc\
\xeb\xf2;M\x9d\xb3\xfdM\xdf\xb9l\xe2h\x0e[\xb6\
\xce\xef\xc5\xd46>\xe5\x8c\xed\x7fj\xa3\xb9s\xf9\xde\
\xb2\x95\xe6\x88\xc9\xed\xfe\xbd\xfd\xb7?z\x97\xd9S\xc9\
q\x0f\x00\x91C}l}L\xe0\xdf+\xdd\xfc\x99\xb8\
\x0a\x80\xc8\xc9\xe1\xb6=\x89\xa4R\xdc7VL\xc4e\
\x00D\xce\x8f\xbb\xc7\x8e\xdb_\xed\xbf\xceY3\x0f\xd7\
\x01\x10\xb9\xfa\xaa\xed\x8e\x0a\x03_\xb9l\xd54\x5c\x08\
@\xe4\xdb\x9e\xf6\xda\xff\x1e\xc7\xad\x9b\x85+\x01\x88\xec\
hi\x9f\xedo\xbe\xd5\xcaI\xb8\x14\x80\x94~X\xcf\
&\x1f\xf8,/\x15\x00XQ\xde\x94 \xeb\xb7\xbf\xea\
\xa4<\x8b\xc7\xe0^\x00\x22g\xfb\xfbY\xbb\xfd~\xfd\
\xff\xd7\xf2!\xb8\x19\x80\xc8\x17\x8fX\xb9\xff\x8f|a\
\x83\x11\xb8\x1b\x80\xe4'Z\xf6\xde\xa0\x7fb\xbe\x00\xc0\
\xfa\xf64\xb6f\xf9\x8d\xf7\xd8c\xfd\xae\x07 \xd7\x13\
,x%\xe0\x97p]\x00`\x97\xb6\x9b~\xceP\x83\
\xed\xb6Y<\x00D$w\x98\xb9K\x1f\x96+\x00\xb0\
\x13\x00\x91M&\x9eC\xfe\xc0&;\xad\x1c\x00?\x96\
\x15c\xd6\xbac\xb2\x04\x00\xf6\x03 eSMy-\
\xe8\xf7\xc72\x01\x80\x1d\x01\x88\xac7\xe1D\x81\xea\xeb\
\xec\xb6j\x00\xfc\xdc\xd7\x8d\x8c^s\xc3\xc3\x02\x00\xfb\
\x02\x90\xab]\x8c]r\xe7L\x01\x80\x9d\x01H\xc98\
#W<\xbaX\x00`o\x00\x22\xab\xaa\x1a\xb5\xde*\
+l\xb9`\x00\xdc\xd6~\x83\xbe.[o\xaf\x00\xc0\
\x09\x00\xe4R+#V\xdb\xfc\xbc\x00\xc0\x19\x00$\xbb\
\x8d\xfe\x8bm\x95)\x00p\x0a\x00\xb9\xf6\xa4\xdekm\
\x93-\x00p\x0e\x00\xc9\xeb\xa0\xefR\x9f\xba&\x00p\
\x12\x00\xb9\xf1\x8c\x9e+}\xfa\xba\x00\xc0Y\x00$\xbf\
\x9b~\x0b\xed\xfa\x83\x00\xc0i\x00\xa4\xa0\x87^\xeb\xec\
\x9e/\x00p\x1e\x00)\x8a\xd5g\x99=\x0b\x05\x00N\
\x04 \xc5\xbd\xf4Xe\xaf\x22\x01\x803\x01HI\x1f\
\xed\x8b\xecS\x22\x00p*\x00)l\xafu\x8d\xed\x0b\
\x05\x00\xce\x05 W4\x9e \xd0\xe8\x8a\x00\xc0\xc9\x00\
\xe4XM-+\xacyL\x00\xe0l\x00\xb25\xd0\xfb\
\x05\x06n\x15\x008\x1d\x80,\xf1~\x81K\x04\x00\xce\
\x07 c\xbd]\xdfX\x01\x80/\x00(\xf5\xf2-\xc1\
\x1e\xa5\x00\xf0\x09\x00\x92\xd7\xdc\xab\x13@\xf2\x04\x00\xbe\
\x01@\xcez\xf1\xb3\x13\xa1g\xc5\x95\x00\x82\x1a\xb5\x89\
\xba\xa5\x86>\x01@\xf6\xa9\xbe\x98P\xd0>\xf1\x09\x00\
\x0do\xdd\xcd6\x8d<\xcf\xa1\xc5\xd4}Yj^B\
;\x07\x80\xfaC\x81%\xe2\x1b\x00n_G\xd6\xbe\xa9\
-\xeer\xcc;\xea?j\x07\xe7 \x00\xd2]\xe5'\
\xc0\xe2\xa3\x00DD\xfe3\xf2\x0e\xef\x8d<\x7fB\xfd\
\xdf\x1c'\x01\xb8\xa8\xeaW\xe8B.\xfa2\x00\x91\x13\
\xcf\xdf\xf6\xc7*-\xf3\xe6\xa9\xd3I\x00d\xad\x1a\x00\
k\xc5\xb7\x01\x88,\xfb\xc5\xd5\x96k\xef\x14\x9f\x07 \
\x03+\xbe\xff\x03\xc5\xe7\x01\xc8\xce\xda\xb7|\xe4q\x5c\
\x5c\x00 '\xbc\xa2\xfb\x1f\x9e\xe3\x02\x00r\xfc\xa7\x8f\
\xc9\x02R\xc5\x0d\x00d{\x05\xaf\x1f\xe1\xb7]\xdc\x00\
@R\xff\xff\x87\xc7\xe7\x89;\x00T\xf4C\x81\xb1\xe2\
\x0e\x002\xef\xc7?\x12%n\x01\x90\xffXE\xf6\xff\
\xb1|\xb7\x00\x90(EQ\x14e\xb7k\x00\xc8\xc1\x0a\
\xfc\xd0H\xa5\x83\xe2\x1a\x00\xbb\x15EQb\xc4=\x00\
dz\xf9\x00\xa6\x8b{\x00H\x8c\xa2([\xdc\x04\xa0\
\xa4\xdc/\x8e\xb7*q\x13\x80-\x8a\x12\x5c\xe4&\x00\
\xf2Qy\x00>\x127\x01(\x0aV\xfa\x8a\xab\x00\x14\
\x95\xf333\xf5\x8a\x5c\x05@\xfa*+\xdc\x05@\x92\
<\x03H\x12w\x01X\xa1ls\x19\x80\xef=\xfe\xee\
h\xe5\xef\x1d\xb8\xa4l\x0d\x00\xb6)\xc7\x5c\x06@\x22\
=\xad(R\x5c\xf6\x0cp\xac\xbcM\xf4=\x00\x1e\xbf\
0\xda\xcbm\x00r\x14q\x1b\x80\xd7=\xad\xe8u\xb7\
\x01\x10\xf7\x01X\xeaiEK\x01\xe0\xf3\x00\xb6zZ\
\xd1V\x00\xf8<\x80/=\xad\xe8K\x00\x00\x00\x00\x00\
\x00\x00\x00\x00\x00\x00\x00\x00\x00\x00\x00\x00\x00\x00\x00\x00\
\x00\x00\x00\x00\x00\x00\x00\x00\x00\x00\x00\x00\x00\x00\x00\x00\
\x00\x00\x00\x00\x00\x00\x00\x00\x00\x00\x00\x00\x00\x00\x00\x00\
\x00\x00\x00\x00\x00\x00\x00\x00\x00\x00\x00\x00\x00\x00\x00\x00\
\x00\x00\x00\x00\x00\x00\x00\x00\x00\x00\x00\x00\x00\x00\x00\x00\
\x00\x00\x00\x00\x00\x00\x00\x00\x00\x00\x00\x00\x00\x00\x00\x00\
\x00\x00\x00\x00\x00\x00\x00\x00\x00\x00\x00\x00\x00\x00\x00\x00\
\x00\x00\x00\x00\x00\x00\x00\x00\x00\x00\x00\x00\x00\x00\x00\x00\
\x00\x00\x00\x00\x00\x00\x00\x00\x00\x00\x00\x00\x00\x00\x00\x00\
\x00\x00\x00\x00\x00\x00\x00\x00\x00\x00\x00\x00\x00\x00\x00\x00\
\x00\x00\x00\x00\x00\x00\x00\x00\x00\x00\x00\x00\x00\x00\x00\x00\
\x00\x00\x00\x00\x00\x00\x00\x00\x00\x00\x00\x00\x00\x00\x00\x00\
\x00\x00\x00\x00\x00\x00\x00\x00\x00\x00\x00\x00\x00\x00\x00\x00\
\x00\x00\x00\x00\x00\x00\x00\x00\x00\x00\x00\x00\x00\x00\x00\x00\
\x00\x00\x00\x00\x00\x00\x00\x00\x00\x00\x00\x00\x00\x00\x00\x00\
\x00\x00\x00\x00\x00\x00\x00\x00\x00\x00\x00\x00\x00\x00\x00\x00\
\x00\x00\x00\x00\x00\x00\x00\x00\x00\x00\x00\x00\x00\x00\x00\x00\
\x00\x00\x00\x00\x00\x00\x00\x00\x00\x00\x00\x00\x00\x00\x00\x00\
\x00\x00\x00\x00\x00\x00\x00\x00\x00\x00\x00\x00\x00\x00\x00\x00\
\x00\x00\x00\x00\x00\x00\x00\x00\x00\x00\x00\x00\x00\x00\x00\x00\
\x00\x00\x00\x00\x00\x00\x00\x00\x00\x00\x00\x00\x00\x00\x00\x00\
\x00\x00\x00\x00\x00\x00\x00\x00\x00\x00\x00\x00\x00\x00\x00\x00\
\x00\x00\x00\x00\x00\x00\x00\x00\x00\x00\x00\x00\x00\x00\x00\x00\
\x00\x00\x00\x00\x00\x00\x00\x00\x00\x00\x00\x00\x00\x00\x00\x00\
\x00\x00\x00\x00\x00\x00\x00\x00\x00\x00\x00\x00\x00\x00\x00\x00\
\x00\x00\x00\x00\x00\x00\x00\x00\x00\x00\x00\x00\x00\x00\x00\x00\
\x00\x00\x00\x00\x00\x00\x00\x00\x00\x00\x00\x00\x00\x00\x00\x00\
\x00\x00\x00\x00\x00\x00\x00\x00\x00\x00\x00\x00\x00\x00\x00\x00\
\x00\x00\x00\x00\x00\x00\x00\x00\x00\x00\x00\x00\x00\x00\x00\x00\
\x00\x00\x00\x00\x00\x00\x00\x00\x00\x00\x00\x00\x00\x00\x00\x00\
\x00\x00\x00\x00\x00\x00\x00\x00\x00\x00\x00\x00\x00\x00\x00\x00\
\x00\x00\x00\x00\x00\x00\x00\x00\x00\x00\x00\x00\x00\x00\x00\x00\
\x00\x00\x00\x00\x00\x00\x00\x00\x00\x00\x00\x00\x00\x00\x00\x00\
\x00\x00\x00\x00\x00\x00\x00\x00\x00\x00\x00\x00\x00\x00\x00\x00\
\x00\x00\x00\x00\x00\x00\x00\x00\x00\x00\x00\x00\x00\x00\x00\x00\
\x00p\x0a\x80\xe5\x9en<\x13\x00v(\xd3\xd3\x8a\x96\
k\x04\xf0\xa9\xa7\x1b?\x0a\x00;t\xdc\xd3\x8a>\xd5\
\x08\xe0\xa0\xa7\x1b\xdf\x0a\x00;\xf4oO+:\xa8\x11\
\xc0EO7\xbe\x12\x00vh\xb5\xa7\x15]\xd4\x08\xa0\
4\xd0\xc3\x8d\x8f\x07\x80\x1d\x9a\xecaA\x81\xa5\x1a\x01\
H\x98\x87[\x8f\x00\x80\x1dz\xcc\xc3\x82\xc2D+\x80\
\xb6\x9e\xe6u\x0c\x00\xd6\xf7\x8d\xa7\x05\xb5\xd5\x0c \xd6\
\xd3\xcd'\x01\xc0\xfa\x92<-(V3\x80\x04O7\
_+\x1b\x00V\x97]\xcb\xd3\x82\x124\x03\x98\xe9\xe9\
\xe6\x95\xd7\x00`u\xafy\xdc\xa0\x99\x9a\x01\xec\xf2x\
\xfbU\xbf\x03\x80\xb5}W\xd5\xe3\x06\xed\xd2\x0c\xa0\xa4\
\xb6\xc7;hq\x1d\x00Vv\xbd\x85\xc7\xed\xa9]\xa2\
\x19\x80\x0c\xf1x\x0fJl\x19\x00\xac\xab,\xd6\xf3\xee\
\x0c\x11\xed\x00R<\xdf\x852\xba\x14\x00VU:\xba\
\x9c\xcdI\xd1\x01\xc0\x8d\xa0r\xee$:\x07\x00\xd6\x94\
\x13]\xce\xd6\x04\xdd\xd0\x01\x80\xf4,\xe7^\x94&\xe9\
\x00\xb0\xa2\xf4&\xe5\xedLO\xd1\x03\xc0\x8a\xf2\xeeF\
\xf1\x1f|\x0e\x00fwn\xb0\x7f\xb9\x1b\xb3B\x17\x00\
W\x02\xca\xbd#%(~K\x11\x00\xcc\xabhK|\
P\xf9\xbb\x12pE\x17\x00\xd2Y\xa9H\xc1\xbd\xa7,\
J\xd9\xfb\xd5\x893\x97r\x0a\xec<\xbb\xbd\x8e\x05P\
\x90s\xe9\xcc\x89\xaf\xf6\xfec\xf1\x1f{\x07WhK\
:\x8b>\x00v)j\xf3\xab\x12|\x7f\x83\xa6-\xda\
v\xec\xf6\xfc\xb0I\x7fZ\xb3\xe3hf\x19\xcf\x00*\
\x0f\xf02\x8f\xeeX\xf3\xa7I\xc3\x9e\xef\xd6\xb1m\x8b\
\xa6\x0d\xee\x0f\xae\xea\xa7z\x1bv\xe9\x04@z(\x9a\
\x0b\xac\xd7\xb2\xdb\xa0\xf1\xef\xacJ=t\xa1\x18\x00w\
\xab\xf8\xc2\xa1\xd4U\xef\x8c\x1f\xd4\xade\xbd@\xed3\
\xef!z\x018\x12\xa0\xe8\x98_x\xb7\xb1\xcb\xf6d\
\x02\xe0\xd62\xf7,\x1b\xdb-\xdcO\xcf9\x07\x1c\xd1\
\x0d\x80\xc4)\xfaW\xb7c\xfc{[\xcf\x03\xe0\xfc\xd6\
\xf7\xe2;\xd65`\xc0q\xa2\x1f\x80\x8c \xc5\xa0\x82\
\xa3\x86\xce\xd9x\xba\xd4\x8d\x00JOo\x9c34*\
\xd8\xa8\xc9\x06e\xe8\x08@&*\x86\x16\xd4\xb2\xdf\xdc\
/\x0a\xdc\x03\xa0\xe0\x8b\xb9\xfdZ\x06\x19;\xd3\x89\xa2\
'\x80\x9c\x10\xc5\xf0\xaaD\x8d[\x9b\xe1\xfb\x002\xd6\
\x8e\x8b\xaab\xfc4Crt\x05 \x8b\x14s\x0a\xef\
=/\xad\xc4W\x01\x94\xa4\xcd\xeb\x1dn\xd2 \x17\x89\
\xbe\x00d\xb0bZ5c\x17\x9f\xf2=\x00\xa7\x16\xc7\
\xd64o\x86\x83Eo\x00\x05\xed\x143k8r]\
\x96\xef\x00\xc8Z7\xb2\xa1\xa9\xe3kW\xa0;\x00\xb9\
\x14\xae\x98\x9b\x7f\x9b)\xbbK\x9c\x0f\xa0d\xf7\x946\
\xfe&\x8f.\xfc\x92\xe8\x0f@\x0eUWL\xaf\xce\x88\
\xcf\x8a\x9c\x0c\xa0\xe8\xb3\x11u\xcc\x9fZ\xf5Cb\x04\
\x00Y\xef\xa7XP\xcd\x81)\xf9\xce\x04\x90\x9f2\xb0\
\xa6\x15\x13\xf3[/\xc6\x00\xf0\xfc\x15\x04#E\xf7Z\
\x93\xe74\x00ykzU\xb7h\x5c\xaa\xbe\xae\xa3\x0a\
\x80\x8cP\xac\xaaJ\xcc\xfa\x22\xe7\x00(Z\x1fS\xc5\
\xb2Q\x8d\x10\xe3\x00\xc8\xbb\xfe\x96\xadK\xa9\xf3\xea\xd7\
\xce\x00\xf0\xf5\xabu\xac\x9b\x92\xff\xbbb$\x00\xf9W\
\x0d\xc5\xc2Z/\xce\xb1;\x80\x9c\xc5\xad\xad\x9cP\x8d\
\x7f\x89\xb1\x00\xe4hc+\xd7\xa7\x04\xf5\xdfVf_\
\x00e\xdb\xfa\x07Y:\x9e\xc6\xaa\xaf\xda\xa3\x1a\x80\x5c\
\xed\xa4X\xdbC\xd3.\xd9\x13\xc0\xa5i\x0fY<\x9a\
NW\xc5x\x00R<\xca\xe2e*U\x86\x1d\xb1\x1f\
\x80#\xc3\xaaX=\x97Q^\x9cl\xa5x\xb3\xd6O\
\x1aY\xbdT%z\x8b\xbd\x00l\x89\xb6|$\x8d>\
\xf1\xe6\x81{\x05@\x0a\xe7\x87X\xbe\xde\xc7\xff\x5ch\
\x17\x00\x85\x7f~\xdc\xf2q\x84\xcc\xf7n\x1c\x8a\x97\xe2\
s&T\xb5|\xcd\xa1oe\xda\x01@\xe6[\xa1\x96\
\x8f\xa2\xea\x04o\x0f\x8f\x14\xaf\xff\xcd;7\xc4\xdf\xf2\
uWK\xc8\xb0\x1a@FB5\xcb\xc7\xe0?\xc4\xfb\
ofy\x0f@\xe4\xf0\xc0\xfb\xac\xa7?>\xd3J\x00\
\x99\xe3\xad\x7f\x22\xbco\xe0a\x0d\x9b\xa8\x05\x80H\xf1\
\xf61\x0d\xac^\x7f\x8diyV\x01\xc8\x9bV\xc3\xea\
\xd57\x18\xb3]\xdb\xf7,\xb4\x01\x10\x11I\x7f\xa3\x85\
\xc5C\xa83\xaf\xc0\x0a\x00\x05\xf3\xeaX\xbc\xf0\x16o\
h\xff^\xb6v\x00\x22r&e\xe1\xe4\xa1\xbfkV\
\xcb\xb2I\x84\x7fPb6\x80\x92\x0f\xc2-[\xee=\
M;\x0f\x9a\xb8`\xc3\x19=\xf6N\x17\x00?}\x00\
~z\xef\x8e\xcd\x1bV'/\x99\xff\xf6\xb4\x89\xe3^\
\x8e\xfb\xc3\xb3m\x1a\xdec\xceL\x9a|\x5cf&\x80\
\xb2\x8f\x9b\x98\xb4\xd7\x0d\xdb<\xdb?.~\xec\xebS\
g\xbc\xfb\xfe\xf2U\x1f\xa7l\xfe\xf7\xb1kz\xee\x99\
\xae\x00\xee\xac\xe2\xec\x81\xcd\xab\xe6N\x18\x16\xd3\xee\xe1\
`#G\xd5z\xbfy\x00\xf6\x1b\xfa\x81O\xf0\xc3\xed\
b\x86M\x98\xbbj\xf3\x81\xb3\xf9\x86o\x8f\xf1\x00n\
\xedz\xfa\xea7\xfbE\xdek\xd0\xc1P|\xb69\x00\
\xb2\xe3\x0d:\x00\xbe7\xb2\xdf\x9b\xab\xd3\xcd\xbd\xee\x9a\
\xb9\x00nv~\xc7\xe2W\xbb7\x0e\xd0}\x80uW\
\x9a\x01`\xa5\xfe_\xe4\x0bh\xdc\xfd\xd5%;\xce[\
\xb1\x17\x96\x00\xb8\xf9\x06\xea\xb1\x0d\xb3\x876\xd3\xf7<\
\xc3\xdf\x1e1\x1a\xc0\x91\xdf\xea\xfa\x80\xfd\x9a\x0d\x9d\xbd\
\xe1X\xa1u\xbb`!\x80\x9b\xcf\xa7\x9b\xa7t\xd2\xf1\
\xe4\xb9\xc0\xf1yF\x02\xc8\x1b\x1f\xa8\xdfc\xad\xdei\
\xca\xe6l\xab\xe7o9\x00\x11\x91\xe2\x03\xef\xf5\xd1\xed\
\xa0*l\x9dq\x00\xd6\x85\xe9v\xe0\xda\xe7\xbd\x03\xc5\
v\x98\xbd-\x00\x88\x88\xc8\xd95\xa3#\xf5\xf9\xeb\x15\
}\xc6\x18\x00g\xf4\xf9\xc870r\xf4\x9a\xb3\xb6\x19\
\xbb}\x00\x88\x88\x5c\xdf1=Z\x877\x0e\x82?2\
\x02\xc0\xdft8\x8a\xbd'z\xfa\x0e{]]\xd9^\
\x00DD\xf2S\x06h\x9f\xf4\xc0\x5c\xbd\x01\x5c\xfb\x83\
v\x97\x03R\xf2m7n\xfb\x01\x10\x91\xc2MqZ\
O8i\xb4W_\x00\x9f?\xa4\xf5\x84\x8d\xb8M\x85\
v\x9c\xb5-\x01\x88H\xf1\xb6Q\xdaN\xb3\x08L*\
\xd1\x0f@\xf1TmoZ\x84\x8e\xdaVl\xd3A\xdb\
\x15\x80\x88\x94\xee\x1e\xa3\xe9Ew\xfb3z\x018\x1d\
\xa5\xe9\xb0d\xccn\x1b_P\xdd\xc6\x00D\xa4\xec\xcb\
\xf1\x8d\xf4~-\xa8\x1e@\xb2\x86\xf7\xae\x1b\x8e\xff\xd2\
\xde?\xa8`o\x00\x22\x22\xe9\x93\x9a\xe8\xfaZP-\
\x80\xec\xde\xde\x7fD9\xc9\xfe\xd7Q\xb7?\x00\x11\xd9\
\xd5\xa7\x92\x97[\xf0\xc8I\xad\x00\x8ey\xfbM\xa8J\
}v9a\xb6\x8e\x00 r1\xc9\xcb\x97\x03\xf7m\
\xd3\x06`\xb3\x97\x87\xa4aI\x17\x9d1Y\x87\x00\x10\
)Y\xff\x8cwG\x03\x0b\xb4\x00\xf8o\xef^\xfd?\
\xb3\xbe\xc4)su\x0c\x00\x119>\xc6\xabw\x09G\
\x16y\x0b\xa0h\x98W\xef\xf6\x8d9\xee\xa0\xa1:\x09\
\x80\xc8\xd5\xa9\xde\x9c\x88\xfet\xa6w\x00\xaex\xf3\xc9\
\xef}S\xaf:j\xa4\xce\x02 \x92;\xcb\x8b\xd31\
\x1a\x1d\xf5\x06\xc0\xd7^\x5c\xd9\xad\xee\xac\x5c\x87\x0d\xd4\
i\x00Dn\xcc\xaf\xaf\xfe\xbb\x03\x1b\xd5\x03\xf8T\xfd\
\xd1\x7f\xfd\xf97\x1c7N\xe7\x01\x10)\x5c\xaa\xfa\xef\
\xa6\xff\x1c\xb5\x00\xdeV}\xde_\xc3\xa5\x85\x0e\x1c\xa6\
\x13\x01\x88\x14/\xbd_\xf5K\xc125\x00\xcaF\xaa\
\xbd\xfd\xfb\x97\x16;r\x94\xce\x04 \x92;Y\xed\xb5\
X\x06\x97V\x1c@\xa9\xda+#\x07M\xceu\xe8 \
\x9d\x0a@\xe4\xec\x00\x95\xe7\x93\xf6-\xae(\x80\xe2\xbe\
*\xcf\xec\x1cp\xd6\xb1ct.\x00\x91\x03\x1d\xd4\xed\
Sla\xc5\x00\x14\xc6\xaa\xbb\xdd\x0e\x07\x1c<D'\
\x03\x10\xd9\x10\xa1j\xa7\xba\xe7W\x04@~wU7\
\x1a\xb1\xc1\xd1#t6\x00)\x9a\xa5\xea\xfb\xf9]n\
\x94\x0f\xe0F\x175\xb7XuV\x91\x00\xc0\xcaN\xb4\
W\xf5l\x9d[\x1e\x80\x5cU\xff\xae\xb4?\xe1\xf4\xf9\
9\x1e\x80\x94-P\xf3\x09AT\x8eg\x009jN\
\xfe\xb9gA\x99\x00\xc0\xfa\xcetS\xb1i\xad6z\
\xfa\xaf\x1b[\xa9\xb8\xa9ng|`x\xbe\x00@$\
Y\xc5\xb5)jy\xfd\x1fo\xfb\xa3\xc9>1:%\
\xdf'\x96q\xe9E\xc5\xe4^\xbc\xe4\x13\x83\xcbWN\
\x8ao\xb4\xdc\xd4\xcbu\x05-\xf7\x91\xb1\x9dTv\xf8\
\xc8J\xe4\xab\x08\xf3\xf6\xbf\xc9a_\x99\xda\x0ee\xa5\
\xaf,Er\xfb\x98\xb5\xff\xfd\xf2|fh+\x95\x09\
\xe2;-4\xe5z\xddU\x97\xf8\xd0\xc8&(\x8dM\
\xbb\xafk\xa7\xd2v\xa6\xfes\xed_?\x5c4o\xf6\
\xb4\x89\xe3\x12\x86\x0f\xec\xdd3\xba\xd3\x93\x91\xcd\x22\xc2\
\xeb\xd6\xaa\xd7\xe8\xb1\xc8\xf6]c\xfa\x0c\x89\x1f7y\
\xfa\xbb\x0bW\xacNI\xdd\xbd\xff\xc8\xa9\xf3Y\xaa^\
\xa4\x1e0\xe12\xe6\x11\x87T\xbd\xc8\xca:\x7f\xea\xc8\
\xfe\xdd\xa9)\xabW,|w\xfa\xe4q\xf1C\xfa\xc4\
tm\x1f\xf9X\xa3z\xb5\xea\x86G4\x8b|\xb2S\
t\xcf\xde\x03\x87'\x8c\x9b8m\xf6\xbcE\x1f\xfeu\
\xed?Sw\xa6\x9d\xbaf\xda\xa64V\x944#\xdf\
\xa4\xc9\xfa\xe6\xf3\x0d\xcbf\x8c\xed\xdf\xb5e\xfd\xca^\
\x0e< \xb4E\xd7\x01\x89s\x927\xa7\x9f/\xff]\
\xd7\x9cX\xa3\xf7\xbfw\xf9\x9f\xfb\x16\x9dO\xdf\x9c<\
'q@\xd7\x16\xa1\xde~\xa5\xb0r\xfd\x96]\xfb\x8f\
\x9d\xb1l\xc3\xe7\xdfd\x19\xf9fS\x9a\xa2(c\xf5\
\xbe\xd1\xc2ow\xad[\x9c4\xbao\xe7\xc7C\x03\xf5\
\x1d\xbe_\xadG\xbb\x0c\x9f\xf1\xb7/.z\x98\xc9L\
C\x7f\xdc\xd0o\xae\x87\x85_N[=sD\x97G\
k\xe9\xfc\x08\x02C\x1f\xef\xdcwt\xd2\xe2u\xbb\xbe\
\xd5\xfd\x94\xa3\xb1\x8a\xa2\x84\xe8u\x16kY\xc6\x9eU\
o\x0e\xee\x10f\xc2E\xc4\xab>\x12\x1d?\xe7\x93\xfd\
W\xee\xf40>\xaal\xe0\xfd\xae\xbd\xd3=\xe6\xfd\xcf\
?\xe6\x8fy\xae\x99\x09?\x13\xe8\x1f\xd6a\xf0\x9b\xab\
\xf6d\xe8\xf5\xa4p5DQ\x14%N\xeb\xcdd\x1d\
\x5c7'>\xba\xa9\x05\xbf\x98\x12\xd21a\xf1\xe7\xd9\
\xb7=\x9c\x9d5\x8d\xba\xbbZ{n\xdf\xfa\xb4\x0f\xc7\
\xfd\xae\xbe\xf9\xeb\xae\xd24:~\xce\xba\x83\x9a\x7f^\
;\xee\xc7\xa7\xb5\x9d\xde\xfe\x95?\xb5ia\xe2\x0bO\
\x04+\x16\x17\x16=>\xf9\xc0\x0f??\xae\xa3\x06]\
\xc1\xfc\xa1[>\xfa\xcbO\xff\xcb\xeb\xcf>\xe4g\xf1\
\xca\x83\x9fx!q\xe1\xa6S\xde>!\xec\xbc\xf9\xf8\
\x9b\xaa?\xac\xbd\x90:whk\xeb\x7f)\xe1\xd6g\
\xc7\x87cg\xed\xbcy\xf9\x9d\x0bO\x18q\x0f\x917\
\xdf\xfc\xbd\xbesVl\x84\xbf\x9d\xd6^\xad\xf5\xd0\xb9\
\xa9\x17Tob^\xd3\x9f>\xd5V! {\xcf\xa2\
\x97;\xd4R\xecY\xc0\x13\xf1\xabN\x8aH\xde\xef\xf5\
\xbf\xed\xee\xd7E\xe4\xe4\xaa\xf8'\x02l\xba\xf8Z\x1d\
^^\xb4'[\xc5\xfe\xdfr&E\x85\x04\xfcp \
y|\xb7\xfa\x8a\xed\xab\xdd\xe3\xad\xedY\xc3\xf5\xbe\xd5\
\x11\xd9\xdb\xdf\xeaQ\xdb\xfe\xab\xaf\xdf-\xf1\x17\xff\x1e\
Vh\xff\x15\xe5)\xcf\xd7\xa9\xcd\xd9:#\xf6a\x7f\
\xc59\xf97\xd7\xf95y\xf5\xe6\x8eZ\xfe\xc3\xb13\
\xb6z\xfe\x19\xa9\xf3O\xfd\xf2\x7f\xa9\xb1\xf0.\xd7\xb1\
)H{\x7f`S?\x85\x1c\x97_\xd3\x81\xef\xa7\xdd\
\xe5\xb7TJ\x17\xfe\xfa\xc7n\xa2\xf6\xfd\xeaU\xfe\xf1\
\x95\x09\xad+3I'W\xb9u\xc2\xca\xe3\xbf:J\
\xd8w\xe7\x13\xdf\x1e\x9d~\xea\xa7?\x92\xb1a\xe23\
5\x98\x9foT\xe3\x99\x89\x1b~\xfe}\xbdS\xd3\x1f\
\xbd\xfb\x1f\x8d\xe8<h\xd2\xac1/F\x8525_\
+\xf4\xc9>\xaf\xcd{#\xaeK\x04\xa3 \x22\x22\x22\
\x22\x22\x22\x22\x22\x22\x22\x22\x22\x22\x22\x22\x22\x22\x22\x22\
\x22\x22\x22\x22\x22\x22\x22\x22\x22\x22\x22\x22\x22\x22\x22\x22\
\x22\x22\x22\x22\x22\x22\x22\x22\x22\x22\x22\x22\x22\x22\x22\x22\
\x22\x22\x22\x22\x22\x22\x222\xb2\xff\x03\x10-p\x05\xb1\
\xb6\x9a\xf0\x00\x00\x00\x00IEND\xaeB`\x82\
\x00\x00$\xc4\
\x89\
PNG\x0d\x0a\x1a\x0a\x00\x00\x00\x0dIHDR\x00\
\x00\x02\x00\x00\x00\x02\x00\x08\x06\x00\x00\x00\xf4x\xd4\xfa\
\x00\x00\x00\x09pHYs\x00\x01:\xf5\x00\x01:\xf5\
\x01\x97\x08vW\x00\x00\x00\x19tEXtSof\
tware\x00www.inksca\
pe.org\x9b\xee<\x1a\x00\x00 \x00ID\
ATx\x9c\xed\xddy\x9c\x1dU\x9d\xf7\xf1Ow\x12\
\x12\x92\x90\x04\x22;!\x04\x14\x22\x8b(Q\x94M\x10\
\x1d\x04\x15\x19Q|\x1cd\xd1Q\xc7\xe5q\x06p\xf4\
a\x1cy\xcd\xe8\xf8\xa8<\xce\xb8\x00.\xe36>\x82\
\xa3\xb2\x88\x22\x82\xb2\x0b\xb2\xc8* \x22\x04\x85@X\
\x22\x81$$a\xc9\xd6=\x7f\x9c\xdb\xd24\xdd\xb9\xbd\
T\xd5\xafn\x9d\xcf\xfb\xf5:\xaf$\xbd\xdc\xfaU\xdd\
\xdc\xaao\x9d:u\xaa\x8bf\xe9\x06f\x01;\x0ch\
\xdb\x01\x9b\x00\x1b\x01S\x80\xc9\xeby\x8d\x1e\xe0\x09`\
\x0d\xf0\x10p\x7f\xab-\x00\x1eh\xfd\xfd^`i\x09\
\xf5\xe7b\x160\x9b\xf4\xbe\xccn\xb5m[m\x0b\xd2\
\xfb8}=\xbf\xdf\x0b,\x03\x9el\xb5?\x03\x7f\x1a\
\xa4-)\xa5zIj\x80\xae\xe8\x02\xc6h\x16\xb0\x0f\
\xb0W\xab\xed\x0elP\xd1\xb2\xff\x08\xdc\xd4\xaf\xdd\x02\
\xac\xa8h\xd9\x9dd\x1b\xe0\xe5\x03\xda\xcc\x8a\x96\xfd8\
p\x03p\x1dpm\xeb\xef\xbeG\x92D\xe7\x05\x80m\
\x807\x03\xfb\x03{\xb7\xfe]\x17=\xc0\xdd\xc0\xaf\x80\
\x0b\x81\xcb\x81\xa7\x22\x0b\x0a\xb25\xf0\x06\xe0`R(\
\xdb2\xb6\x9c\xe7X\x07\xfc\x9e\x14\x06.\x06.\x22\xcf\
\xf7H\x92:\xc2\x1c\xe08\xe0j\xd2A\xb6\xb7C\xda\
\xd3\xc0%\xc0\x89\xc0\xce\x85o\x95\xfa\x18\x07\xcc\x03>\
I\xea\x09\xe9\xb4\xf7\xe8|\xe0\xef\x80\xcd\x0a\xde.\x92\
\xa4Q\xd8\x1e\xf84\xe9l-\xfa QT\xbb\x0b\xf8\
\x17\xd2u\xefN\xd7\x05\xbc\x1a\xf8\x0e\xe9:{\xf4\xb6\
-\xa2\xad&\x05\xb6\xf7\x02S\x8b\xdbT\x92\xa4v\xba\
\x81\xd7\x01g\x01k\x89? \x94\xd9n\x22\x9dun\
T\xc8\x96\xab\xce,R\x8f\xc6=\xc4o\xc32\xdbr\
\xe0\x1b\xc0K\x8a\xd9l\x92\xa4\xc1l\x01|\x824\xba\
>z\xc7_u[\x09|\x0f\xd8o\xcc[\xb1<\x93\
\x80w\x03W\xd1Y\xdd\xfbE\xb5+\x81wP\xdd\xe0\
RIj\xbc\xd9\xc0\xb7\x80U\xc4\xef\xe4\xeb\xd0\xae\x07\
\xdeF\xba\xa6^\x073\x81\x93H\xb7\xd8Eo\x9b:\
\xb4G\x80\xe3\x81\x0d\xc7\xb2Q%)g\xb3\x80SH\
\x03\xb0\xa2w\xeaul\xf7\x92\x06=N\x19\xed\x06\x1e\
\xa39\xa4\xf7g\xe5zj\xcc\xb9\xfd\x99t\x19\xc4 \
 I\xc3\xb4\x15p\x1a\xf0\x0c\xf1;\xf1Nh\x8b\x81\
O\x91&0\xaa\xc2\xcb\x803i\xfe\xf8\x8b\xa2\xdaB\
\xe0\x83xi@\x92\x864\x19\xf8,\x9e\xf1\x8f\xb6-\
\xa5\xdc3\xce\x1d\x80\x1f\x92\xe7\xf5\xfd\x22\xda\x02\xe0\xad\
#\xdd\xe8\x92\xd4t\x87\x02\xf7\x11\xbf\x93nB{\x90\
t\xe7\xc0\xf8\x11\xbd\x03C\x9b\x09\x9c\x8c=2E\xb5\
\xcb\x80\xb9#z\x07$\xa9\x81\xb6\x01\xce&~\xa7\xdc\
\xc4\xf6\x07\xe0\x08F?\x8b\xe3\x14R\x8f\xc2\xb2\x1a\xac\
K\xd3\xdaj\xd2\xf8\x89\xa8\xf1\x1b\x92\x14f\x22\xe9\x96\
\xbe\xa7\x88\xdf\x197\xbd]\x05\xec6\xbc\xb7\x05H\x81\
\xe1X`Q\x0djoz\xfb#i:dI\xca\xc2\
\x8b\x81\xdf\x12\xbf\xf3\xcd\xa9\xad!\x9dq\xb6\x9b\xb9n\
\x07\xd2\xdc\xf7\xd1\xf5\xe6\xd6N\x1f\xc6{#I\x1d\xed\
\x18\xbcm,\xb2\xddKz\xf8\xce@\x13H\xdd\xfd\x0e\
\xc0\x8ck\xf7\x91\x9eX)I\x8d\xb2)\xf03\xe2w\
\xb2\xb6\xd4\xce\xe7\xd9'$\xeeK\xb3\x9e\xa5\xd0\xc9m\
\x0d\xe9aIu\x99\xe4I\x92\xc6\xe4\xf5\xa4\xd9\xd1\xa2\
w\xae\xb6\xe7\xb6\xa5\xc0\xb9x[_\x1d\xdb\x95\xc0\xb6\
HR\x87\xea\x22=\xa9\xcf\x03\x8c\xcd6\xf2\xb6\x94\xf4\
\xd0+I\x0a5\xd2.\xc9\x89\xc0\xff\x07>\xcc\xe8o\
C\x93r6\x098\x924\xd3\xe3M\xc1\xb5H\xca\xd8\
H\x02\xc0L\xe0\x02\xe0M%\xd5\x22\xe5\xa2\x9b\xf49\
\x1a\x07\x5c\x11\x5c\x8b\xa4L\x0d7\x00L\x06~\x89\xa3\
\x99\xa5\x22\xed\x8f!@R\x90\xe1\x04\x80\x09\xc0O\x81\
\xd7\x94\x5c\x8b\x94\xa3\xfdI\xe3\x02\xae\x8f.DR^\
\xda\x05\x80.\xd25\xff\xc3\xcb/E\xca\xd6A\xc0\x1d\
\xa4i\x9e%\xa9\x12\xed\x06\xf2\x1d\x07|\xb9\x8aB\xa4\
\xcc=\x09\xec\x01\xcc\x8f.DR\x1e\xd6\x17\x00v&\
\x8dR.\xeb1\xb4\x92\x9e\xebf`/\xd2\xc4A\x92\
T\xaa\xa1.\x01L$\x0d\xfa\xdbf\x88\xefK*\xde\
V\xad?\x1d\x14(\xa9t\xddC|\xfd$`\xf7*\
\x0b\x91\x04\xc0?\x03/\x8d.BR\xf3\x0dv\x09`\
+\xd2uH\x9fi.\xc5\xb8\x0280\xba\x08I\xcd\
6X\x0f\xc0\xbf\xe1\xc1_\x8a\xf4\x1a\xd2\x9d\x01\x92T\
\x9a\x81=\x00\xbb\x00\xb7\xe1S\xcb\xa4h\xb7\x02\xf3H\
\xcf\xdc\x90\xa4\xc2\x0d\xec\x01\xf8\x08\x1e\xfc\xa5:x)\
>4HR\x89\xfa\xf7\x00\xcc\x00\x1e\x22M\xfb\xdb\x14\
=\xc0\x02\xe0\xceV\xbb\x1bx\x1cX\xd6jK\x81\xd5\
\xa4u\x9eL\xba\xfba#`k`{`N\xeb\xcf\
\x1d\x81-\xab-=\x1bkIcN\xfe\x04\xdc\x07\xdc\
\xdb\xfas1\xe9\xbdY\xd1\xfa\x99\x15\xa4\xff\xa3\xfd\xdb\
,`.\xe9\x96\xd5\x9d\x81\x8d+\xae\xbdl?\xc1I\
\xb8$\x95d|\xbf\xbf\x1fK\xe7\x1f\xfc\xd7\x91\xe6.\
\xb8\x04\xb8\x14\xb8\x11x\xaa\xa0\xd7\x9eMz\x16\xc2^\
\xc0\xde\xa4\xbb$\xec-\x19\xb9'\x80k\x81\xeb\x80k\
\x80\x1b\x80\x95\xc3\xfc\xdd\xc5m\xbe\xbf5ij\xdd\xbf\
\x22\x9d=w\xfam\xac\x87\x92\xd6\xe1\xc1\xe8B$5\
\xdb\x9d\xc4?+}4m5p\x1ep\x04\xe9\xac\xb0\
*\x9b\x02\xef%=!\xf1\x99\x02\xd6\xa3\xc9\xed!\xe0\
\xab\xc0kyn\xe8,\xdb\x5c\xe0\x9fHS\xecFo\
\x83\xd1\xb6\x7f)|\xabHR?;\x11\xbf\xa3\x1bi\
\xbb\x158\x1e\xd8\xac\x84\xed1R\xd3H\xcfx\xbf\x98\
t\xd9!z\xdb\xd4\xa1-\x05N!\xf5\x98\x0c5\xdf\
D\x95^\x05|\x1dXB\xfc\xb6\x19I\xbb\xa5\x8c\x8d\
!I}\x8e'~G7\xdcv5\xa9k\xb4\xae^\
\x08\x9cL\xea\xae\x8e\xdeV\x11\xed&\xe0\xef\xa8\xef\xad\
\xa4SH\xcf\xb8x\x90\xf8m5\x9c\xd6\xc3\xb33\x04\
JR\xe1~I\xfc\x8e\xae\xddN\xf0\xe7\xa4\xb3\xc9N\
1\x09x\x17p\x17\xf1\xdb\xaf\xec\xb6\x0e8\x13xE\
\x11\x1b\xae\x22\x93\x80\x0f\x91\x06\x89Fo\xbfv\xed\xdd\
\xe5l\x02I\xb9\xdb\x10x\x9a\xf8\x9d\xdcP\xad\xef\x01\
)\x9dj\x1c\xf0N:\xfb:\xf4Pm\x1d\xf0#\xd2\
\xfc\x11\x9dj\x02\xf0\x8f\xa4\xc1\x89\xd1\xdbs\xa8\xf6\xa3\
\xd2\xd6^R\xd6\xf6 ~\x077X{\x0c\xf8\x00\xf5\
\xb8~\x5c\x84\xbe \xd0\x84\x1e\x81\x1e:\xff\xc0?\xd0\
\x96\xc0\x19\xd4s\x0c\xc7=%\xae\xb7\xa4\x8c\x1dM\xfc\
\x0en\xe0\xc1\xe5[\xc0\xcc2W:\xd0\x04\xe0\x04\xd2\
<\x04\xd1\xdbz4\xed\x06\xd2\x80\xba\xa6\xda\x17\xb8\x83\
\xf8\xed\xdc\xbf\xad\xc5\xc7rK*\xc1\xc9\xc4\xef\xe0\xfa\
\xda\xa3\xc0\x9b\xcb]\xdd\xda\x98I\x1a%\xbf\x96\xf8\xed\
>\x9c\xf6\x18i\xf0\x5c\x0es\x1fL\x22}.\xd6\x11\
\xbf\xdd\xfb\x9aO\x08\x94T\xb8\x9f\x11\xbfs\xeb\x05~\
\x01lQ\xf2\xba\xd6\xd1\x9e\xa4\x09\x8b\xa2\xb7\xffPm\
-\xf0e\xaa\x9dc\xa1.\x0e\x01\x1e!\xfe=\xe8\x05\
\x8e*y]%e\xe8&bwl\xebH\xb7!\x0e\
\xf6h\xe2\x5c\x8c\x07>N\xfd&\x14\xba\x9b\xce\x1e\x80\
Y\x84M\x81\x8b\x88\x7f/>V\xf6\x8aJ\xca\xcf|\
bwl_+\x7f\x15;\xc6n\xa4\xbb\x1e\xa2\x0f6\
=\xc0\x97\xf0\xbas\x9f\x0d\x81\x87\x89}O>]\xfa\
ZJ\xca\xce\x22bwl\xb9\x9fa\x0e4\x1e\xb8\x9d\
\xd8\xf7\xe4\x93e\xafd\x07:\x85\xd8\xf7\xe4\x94\xf2W\
QRN\xbaIO\xbf\x8b\xf4\xfb\xe0\xe5\xd7\xcdZ\xd2\
\xad\x82\x91|O\x9e\xef\x8e\xe0\xe5O\x0f^\xbe\xa4\x86\
\xe9&\xfe\x09\x80\xcb\x83\x97/\x0d\xc7\xb2\xe0\xe5G\x7f\
N%5LS&\xd9\x91$I#`\x00\x90$)\
C\x06\x00I\x922d\x00\x90$)C\x06\x00I\x92\
2d\x00\x90$)C\x06\x00I\x922d\x00\x90$\
)C\x06\x00I\x922d\x00\x90$)C\x06\x00I\
\x922d\x00\x90$)C\x06\x00I\x922d\x00\x90\
$)C\x06\x00I\x922d\x00\x90$)C\x06\x00\
I\x922d\x00\x90$)C\x06\x00I\x922d\x00\
\x90$)C\x06\x00I\x922d\x00\x90$)C\x06\
\x00I\x922d\x00\x90$)C\x06\x00I\x922d\
\x00\x90$)C\xe3\xa3\x0b\x90$\x0dj\x12\xb0\x0d\xb0\
\x05\xb0\x19\xb0\x02x\x18x\x04X\x12X\x97\x1a\xc2\x00\
 I\xf51\x0b8\x0a8\x0c\x98\xc7\xd0\xfb\xe8{\x81\
\x8b\x81\x1f\x00\xbf\xae\xa645\x8d\x97\x00$)\xdev\
\xc0\xf7I\x07\xf6\xcf\x02\xafd\xfd'h\xdb\x03\x1f\x00\
\xae\x02n\x02\x0e)\xb9>5\x90\x01@\x92\xe2t\x01\
\xc7\x03w\x02\xefdt\xbd\xb2\xf3\x80\x0b\x81\x1f\x033\
\x8b+MMg\x00\x90\xa4\x18\x93\x80s\x80/\x01\x1b\
\x16\xf0z\x87\x03\xbf\x05v-\xe0\xb5\x94\x01\x03\x80$\
Uo\x0a\xf0\x0b\xd2A\xbbH\xb3H\x97\x05\xf6(\xf8\
u\xd5@\x06\x00I\xaa\xd6\x14R\x97\xfd\x01%\xbd\xfe\
\xc6\xad\xd7\xdf\xb6\xa4\xd7WC\x18\x00$\xa9:}\x07\
\xffW\x97\xbc\x9c\xcd\x81\x1f\xe2\x9d^Z\x0f\x03\x80$\
Uc2p>\xe5\x1f\xfc\xfb\xec\x0d|\xb0\xa2e\xa9\
\x03\x19\x00$\xa9|}\xd7\xfc_S\xf1r?\x09l\
T\xf12\xd5!\x0c\x00\x92T\xae\xaa\xba\xfd\x07\xb3\x09\
\xf0\xde\x80\xe5\xaa\x03\x18\x00$\xa9<Uw\xfb\x0f\xe6\
\xd8\xc0e\xab\xc6\x0c\x00\x92T\x8e\xa9\xc4t\xfb\x0f\xb4\
;0;\xb8\x06\xd5\x90\x01@\x92\x8a7\x15\xb8\x80\xd8\
3\xff\xfe\xf6\x8d.@\xf5c\x00\x90\xa4bM\x06~\
F}\x0e\xfe`\x0f\x80\x06a\x00\x90\xa4\xe2L\x06~\
N|\xb7\xff@[D\x17\xa0\xfaq\x92\x08I*F\
\xdd\xba\xfd\xfb\xdb,\xba\x00\xd5\x8f=\x00\x924vu\
\xec\xf6\xefoYt\x01\xaa\x1f\x03\x80$\x8dM]\xbb\
\xfd\xfb[\x14]\x80\xea\xc7K\x00\x924zu\xee\xf6\
\xef\xef\x91\xe8\x02T?\xf6\x00H\xd2\xe8\xd4\xbd\xdb\xbf\
\xbf\x1b\xa2\x0bP\xfd\xd8\x03 I#\xd7)g\xfe\x90\
\xba\xffo\x8b.B\xf5c\x0f\x80$\x8dL'\x1d\xfc\
\x01\xce\x04z\xa2\x8bP\xfd\x18\x00$i\xf8:\xa9\xdb\
\x1f`\x1d\xf0\x95\xe8\x22TO^\x02\x90\xa4\xe1\xe9\xb4\
3\x7f\x80\xef\x02\x7f\x8c.B\xf5d\x0f\x80$\xb5\xd7\
\x89\x07\xffG\x81OD\x17\xa1\xfa2\x00H\xd2\xfau\
\xe2\xc1\xbf\x87\xf4\x18\xe0G\xa3\x0bQ}\x19\x00$i\
h\x9dv\xcd\xbf\xcfw\x80\x07I\xe1E\x1a\x94c\x00\
$ip\x9d0\xc3\xdfP\xde\xd7j\x90\x82\xc0\xefH\
\xb7\x02^\x03\x5c\x05,\x0f\xaaK5b\x00\x90\xa4\xe7\
\xeb\xe4\x83\xff@\xdb\xb4\xda!\xad\x7f\xaf\x03n\x02\xae\
h\xb5\xab\x81\xa7bJS$/\x01H\xd2s5\xe9\
\xe0?\x98q\xc0+\x81\x7f\x02.\x02\x16\x03g\x00\x07\
\xb5\xbe\xa7L\x18\x00$\xe9YM?\xf8\x0ff2p\
\x14)\x0c<\x00|\x1e\xd85\xb4\x22U\xc2\x00 I\
\xc9\x06\xc0\xb9\xe4u\xf0\x1fh+\xe0c\xa41\x03W\
\x03\x87\xc6\x96\xa32\x19\x00$)\xf9:\xf0\xfa\xe8\x22\
jd\x1f\xd2\x1d\x10\xbf\x06\x0e\x0e\xaeE%0\x00H\
\x12\x1c\x01\xfcmt\x115\xb5/\xf0\x0b\xd2\xc0\xc1\x03\
bKQ\x91\x0c\x00\x92r7\x15\xf8rt\x11\x1d`\
\x1ep9i\xc0\xe0\x16\xc1\xb5\xa8\x00\x06\x00I\xb9\xfb\
\x10\xe9\xda\xb7\xda\xeb\x22\x0d\x18\xbc\x0b8\x0e\xef\x1a\xe8\
h\x06\x00I9\xeb\x06\xfewt\x11\x1dh:\xa9\xd7\
\xe4z`np-\x1a%\x03\x80\xa4\x9c\xed\x07l\x1b\
]D\x07\x9b\x07\xdcH\xea\x15P\x871\x00H\xca\xd9\
A\xd1\x054\xc0T\xd2\xb8\x80\xd3\x81)\xc1\xb5h\x04\
\x0c\x00\x92r6/\xba\x80\x069\x1a\xb8\x0e\xd81\xba\
\x10\x0d\x8f\x01@R\xce\xb6\x8e.\xa0av#=p\
\xe8\x95\xd1\x85\xa8=\x03\x80\xa4\x9cy;[\xf1^\x00\
\x5c\xc6\xb3\x0f\x1fRM\x19\x00$\xe5ljt\x01\x0d\
5\x058\x0f\x07\x07\xd6\x9a\x01@R\xce\x1e\x8d.\xa0\
\xc1&\x90\x06\x06~8\xba\x10\x0d\xce\x00 )g\x8b\
\xa2\x0bh\xb8.\xe0T\xe0]\xc1uh\x10\x06\x00I\
9[\x10]@\x06\xba\x80o\xe2\x03\x85j\xc7\x00 \
)gWG\x17\x90\x89\x09\xc0\x8f\x81\xbd\xa3\x0b\xd1\xb3\
\x0c\x00\x92rv\x1e\xd0\x1b]D&&\x93\xb6\xb7\xf3\
\x04\xd4\x84\x01@R\xce\x1e\x00~\x15]DF^\x00\
\x9c\x03l\x18]\x88\x0c\x00\x92\xf4\xf9\xe8\x022\xb3\x1b\
i`\xa0\x82\x19\x00$\xe5\xee\x97\xad\xa6\xea\xbc\x974\
u\xb0\x02\x19\x00$)\xdd\xab\xbe<\xba\x88\xcc|\x0d\
\xd8)\xba\x88\x9c\x19\x00$\x09\xfe\x04\xbc\x07\xe8\x89.\
$#S\x81\xef\x03\xe3\xa2\x0b\xc9\x95\x01@\x92\x92s\
\x80\x13\xa2\x8b\xc8\xcc\xcb\x81\x0fD\x17\x91+\x03\x80$\
=\xebT\xe0#\xd1Ed\xe6\xb3\xc0\x96\xd1E\xe4\xc8\
\x00 I\xcf\xf5%\x0c\x01U\x9a\x06\x9c\x1c]D\x8e\
\x0c\x00\x92\xf4|\x86\x80j\x1d\x0d\xbc&\xba\x88\xdc\x18\
\x00$ip_\x02>\x1a]D&\xba\x80\xff\x17]\
Dn\x0c\x00\x924\xb4/`\x08\xa8\xca+\x80\x83\xa2\
\x8b\xc8\x89\x01@\x92\xd6\xef\x0bt\xe6\xe5\x80K\x80+\
\xe8\xac[\x1b?\x11]@N\x0c\x00\x92\xd4^'^\
\x0ex-p\x120\x07\xf8\x14\xb0$\xb6\x9cayu\
\xab\xa9\x02\x06\x00I\x1a\x9eN\xbb\x1c\xd0M\xba\xadq\
!\xf0I`6p\x22\xf5\x9f\xf1\xd0^\x80\x8a\x18\x00\
$i\xf8:\xedr\xc0<\xe0\xe0\xd6\xdfW\x92\x1e|\
4\x17\xf8aXE\xed\x1d\x04\xec\x12]D\x0e\x0c\x00\
\x9242\x9dv\x8b\xe0\xfb\x07\xfc\xfb\x11\xe0H\xe0\xad\
\xc0\xb2\xea\xcb\x19\x16\x1f\x14T\x01\x03\x80$\x8d\x5c'\
\x8d\x098\x18\xd8h\x90\xaf\x9f\x0b\xec\x09\xdc]m9\
\xc3r\x14\x1e\x9fJ\xe7\x06\x96\xa4\xd1\xe9\x941\x01\x13\
\x81\xbd\x87\xf8\xde=\xad\xef]W]9\xc3\xb25p\
`t\x11Mg\x00\x90\xa4\xd1\xeb\x941\x01;\xaf\xe7\
{K\x80\xd7\x037VT\xcbpy\x19\xa0d\x06\x00\
I\x1a\x9bN\x18\x13\xb0E\x9b\xef\xaf\x00\xde\x08\xcc\xaf\
\xa0\x96\xe1:\x1c\xd80\xba\x88&3\x00H\xd2\xd8\xd5\
=\x04\x0c\xe7i{\x8b\x817\x91\xc2@\x1dLe\xe8\
K\x17*\x80\x01@\x92\x8aQ\xe7\x10\xd0;\xcc\x9f\xbb\
\x07xo\x99\x85\x8c\x90\x0f\x08*\x91\x01@\x92\x8aS\
\xd7\x10\xb0h\x04?{\x16\xf0\xa3\xb2\x0a\x19!\x07\x02\
\x96\xc8\x00 I\xc5\xaac\x08\x18I\x00\x008\x01x\
\xa2\x8cBF\xe8\x15\xc0\xb4\xe8\x22\x9a\xca\x00 I\xc5\
\xab\xdb<\x01\x7f\x18\xe1\xcf/\x02>WF!#4\
\x1e\xd8/\xba\x88\xa62\x00HR9\xea2O\xc0*\
\xe0\x9aQ\xfc\xde\xd7\xa8\xc7\x03\x84\xf6\x89.\xa0\xa9\x0c\
\x00\x92T\x9e:\xcc\x13\xf0KF7\xb2\x7f\x05pZ\
\xc1\xb5\x8c\xc6K\xa2\x0bh*\x03\x80$\x95+zL\
\xc07\xc6\xf0\xbb\xff\x05\xf4\x14U\xc8(\xed\x16\xbc\xfc\
\xc62\x00HR\xf9\xa2\xc6\x04\xdcL\xea\x01\x18\xad\x07\
\x80\xab\x0a\xaae\xb4f\x01S\x82kh$\x03\x80$\
U\xa3\xea1\x01\xbd\xc0\xf1\x0c\x7f\x0e\x80\xa1\x9c[@\
-c\xd1\x05l\x17\x5cC#\x19\x00$\xa9:U\x8e\
\x09\xf8w\xe0\xea\x02^\xe7\x8a\x02^c\xac\xb6\x8b.\
\xa0\x89\x0c\x00\x92T\xad*.\x07\x5c\x04\x9cT\xd0k\
\xfd\x9e4Mp\xa4\xad\x82\x97\xdfH\x06\x00I\xaa\xde\
\x17\x80\xe3(g\x80\xdd\x15\xc0\xdb\x805\x05\xbd^/\
)\x04DzA\xf0\xf2\x1b\xc9\x00 I1N\x05\xde\
A\xb1\x0f\xdf\xf9\x0ep\x08\xb0\xb2\xc0\xd7\x04\xb8\xab\xe0\
\xd7\x1b\xa9\x99\xc1\xcbo$\x03\x80$\xc59\x1b\x98\x07\
\x5c6\xc6\xd7y\x108\x82\xf4 \x9fUc-j\x10\
\x0bJx\xcd\x91\xd8(x\xf9\x8dd\x00\x90\xa4X\xf7\
\x00\xaf#=\x8a\xf7JF6j\xff\x01\xe0\x1f\x81\xb9\
\xc09\xc5\x97\xf6\x17\xcbK|\xed\xe1\x98\x18\xbc\xfcF\
\x1a\x1f]\x80$\x09\x80\x0bZm\x0ep(i\x0e\xfc\
mI\x03\xe06\x07\x96\x02\x8f\x02\x0f\x017\x92\x06\xfa\
]K5\x13\xf5\x14y\x99b4\x0c\x00%0\x00H\
R\xbd\xdcG\x1a\x1fpjt!\xfd\x94qYa$\
\xc6\x05/\xbf\x91\xbc\x04 IR\x86\x0c\x00\x92$e\
\xc8\x00 IR\x86\x0c\x00\x92$e\xc8\x00 IR\
\x86\x0c\x00\x92$e\xc8\x00 IR\x86\x0c\x00\x92$\
e\xc8\x00 IR\x86\x0c\x00\x92$e\xc8\x00 I\
R\x86\x0c\x00\x92$e\xc8\x00 IR\x86\x0c\x00\x92\
$e\xc8\x00 IR\x86\x0c\x00\x92\xa4vV\x07/\
\x7fU\xf0\xf2\x1b\xc9\x00 Ij\xe7\x89\xcc\x97\xdfH\
\x06\x00IR;\xf7\x05/\xff\xde\xe0\xe57\x92\x01@\
\x92\xd4\xceB`I\xe0\xf2o\x0b\x5cvc\x19\x00$\
I\xed\xf4\x00\xbf\x0aZ\xf63\xc0\xb5A\xcbn\xb4\xf1\
\xd1\x05\x94lS`[`3\xe0\x05\xfd\xda8`#\
\x9e\xbb\xfeKI\x03M\x9e\x02V\xb4\xfe\xfe(p?\
\xb0\x00X^U\xd1\x99\xd9\x18\xd8\x92\xf4^mIz\
\xaf6\x05\xa6\x03\x13\xfb\xfd\xdcF@/\xb0\x92\xf4^\
\xad\x04\x9e$]\x1b|\x88\xf4>\xdd\x0f<]U\xe1\
Rf\xce\x06\x0e\x0fX\xee\xf9\xf8\xb9.ES\x02\xc0\
l\xe0e\xad\xb6\x0b\xb0\x03\xb0=0\xad\xc0e,!\
\x05\x81\x05\xa4\xeba\xb7\x027\x02\xf3I\x07&\xad\xdf\
V\xc0\x1e\xc0\x5c`\xa7V\x9bK:\xd8\x17\xe9\xcf\xa4\
 \xf0\x07\xe0\xb7\xadv\x1b\x0e\x22\x92\xc6\xea\xa7\xa4\xcf\
\xd7\xe6\x15/\xf7\x9b\x15//\x1b\x9d\x18\x00\xc6\x03\xf3\
\x80W\x03\xfb\x03{\x01\x9bT\xb0\xdcMZm\x8f\x01\
_\x7f\x02\xb8\x99\x14\x06n\x04\xae\x03\x1e\xae\xa0\x9e:\
\x9b@\xdaN\xafj\xb5\xbdI=1U\xd8\xbc\xd5\xf6\
\x04\x8em}\xad\x974\x88\xe87\xc0e\xc0\xa5\xa4k\
\x9a\x92\x86\xef\x19\xe0?\x80\x7f\xafp\x99\xd7\x91>\xaf\
*Iop\x1b\x8e\xcd\x80\xf7\x00\xe7\x91\xba\xe7\xa3k\
^_\xeb!\x9du~\x16\xd8\x97t\xb9a\xa4\xce\x0a\
^\x87#FQ\xf3\xd6\xc0\xfb\x80sI\x97K\xa2\xdf\
\x87v\xedn\xe0\xab\xc0\x9by\xee\xa5\x86\xa1\x1c\x11\x5c\
\xefY\xc3\xa8Q*\xdbD\xe0.\xaa\xf9?\xbf\x16x\
y5\xab\x95\xaf\xe8\x1d\xf1P\xb6\x00N \x0d\xfeX\
W\x83:G\xdb\x96\x00?\x02\x8e\x01f\xacg}\xfb\
\xeb\x94\x00\xf0\x12R\xd0\xb95\xb8\xde\xb1\xb6e\xc0\xf7\
\x807\x90z/\x06c\x00\x90\x92\xddIcp\xca\xfe\
?\xff\x7f\xaaZ\xa1\x9cE\xef|\xfb\x9b\x04\x1c\x09\x5c\
HJ\x7f\xd1\xb5\x15\xdd\x9e&\x85\x817\xb0\xfe\x9e\x81\
:\x07\x80Y\xa4\x0f\xe6\xed5\xd8\x9ee\xb4\xc7\x81o\
\xf0\xfcK=\x06\x00\xe9Yo\xa1\xdc\x13\xb33\xaa[\
\x95\xbcE\xefp!\x1dT>\x07,\xaeA=U\xb5\
\x87I\xd7\xd3v\x1d\xe4=\xa9[\x00\x98\x08\x1c\x05\x5c\
Ag\xf7\xc6\x8c\xb4]\xd7Z\xef\x89\x18\x00\xa4\x81>\
\x08\xac\xa1\xf8\xff\xeb\xe7\x91N\x06U\x81\xe8\x9d\xec\xd9\
\x94\xf3\x9f\xa8\x93\xda\x8d\xa4\x9e\x8f\xbeA\x99u\x09\x00\
[\x03\x9f\x06\x16\xd5`\x1bE\xb6G\x81\x8b\x83k0\
\x00\xa8\x8e\xfe\x8at\x99\xb3\xa8\xff\xe7\xa7\xe0\xfc4\x95\
\x8a\xde\xb9\xda\x9em\xf7\x03\x1f!\x0d\xa4\x8b\xac\xe3$\
\xe0L\xd2\x03@\xa2\xb7\x89-5\x03\x80\xeaj\x07\xe0\
'\x8c\xed\xff\xf7\x03\xc0aU\x17\xae\xf8\x1d\x9b\xed\xf9\
-\xf7\x1e\x11\xdb\xf3\x9b\x01@u\xb7\x0fp9\xe9N\
\xa8\xe1\xfe\xbf\xbe\x0f8\x1e\x98\x1cPo\xf6:q\x1e\
\x80\x1c\xf8\xbeH\xea4\xd7\x00\x07\x02s\x80C\x81\xfd\
\x80\x9dI3|\xce \xcd\xdc\xb9\x84t\x0b\xee\xf5\xc0\
E\xad\xdf\xe9\x8d(V\xd0\x85\x1b_\xea\x04g\x03o\
\x8f.BRs8\xd8B\x92\xa4\x0c\x19\x00$I\xca\
\x90\x01@\x92\xa4\x0c\x19\x00$I\xcaP7i\xca]\
I\xf5\xe6\xe7TR\xa1\xbaI\x0fB\x91To~N\
%\x15\xca\x00 u\x86\xc7\xa3\x0b\x90\xd4,\xdd\xa4\x89\
\x19$\xd5\x9bA]R\xa1\xba\x81\xf9\xd1EHj\xeb\
\xee\xe8\x02$5K7pSt\x11\x92\xda\xba9\xba\
\x00I\xcdb\x00\x90\xeao!\xf0Ht\x11\x92\x9a\xa5\
\x1b\xf8-\xf0Tt!\x92\x86tmt\x01\x92\x9a\xa7\
\x9bt\xf0\xffyt!\x92\x86tft\x01\x92\x9a\xa7\
o&@w0R=-\x07~\x19]\x84\xa4\xe6\xe9\
\x0b\x00\x17\xe2mFR\x1d\x9d\x0b<\x1d]\x84\xa4\xe6\
\x19\xd7\xfas-0\x19\xd8?\xb0\x16I\xcf\xd5\x03\x1c\
\x0b<\x1a]\x88\xa4\xe6\xe9\xea\xf7\xf7\xe9\xc0\x02`F\
L)\x92\x068\x13xGt\x11\x92\x9ai\x5c\xbf\xbf\
\xaf\x026\x04\x0e\x88)ER?=\xc0\x91x\xf6/\
\xa9$\x03\x1f\x07\xfcy\x9c\x19P\xaa\x83/\x02wD\
\x17!\xa9\xb9\xba\x06\xf9\xda^\xc0\xafyn\xef\x80\xa4\
\xea\xdc\x05\xec\x81\x83\xff$\x95h\xb0\x00\x00\xa9'\xe0\
cU\x16R\xb2u\xc0}\xa4\xf9\xd4\x17\x03KIw\
=\xf4\xdd\xf9\xb0a\xeb\xcfi\xad6\x1b\x98\x05l\x03\
\xbc\xa0\xd2J\xf3\xb5\x8e4\xdb\xdd\x03\xa4\x99\xef\x1e\x22\
\x1d\x00W\xb4\xbe\xff\x14i\xa0\xea\x0c\xd2x\x95\x19\xa4\
\xf7h.\xcdz\x8f\xd6\x00\xfb\x027D\x17\x22\xa9\xd9\
\x86\x0a\x00\xe3\x81\x9f\x02o\xac\xb0\x96\xa2\xf4\x02w\x02\
\xbf\x02\xae&u\xa3\xce\x07V\x8f\xf2\xf56&\x9d\x8d\
\xcdk\xfd\xb9'0g\xccU\xe6m-i\x06\xca\x9b\
[\xed\x16\xe0w\xa4\x83\xdfh\xcc\x04^Lz\x7f\x0e\
\x00\xf6\xa33CA/\xf0n\xe0{\xd1\x85H\xca\xdb\
\x14\xe0F\xd2N\xa9\xee\xedi\xe0\x1c\xe0\xed\xc0\xa6e\
l\x8c\x01^\x04\xfc\x03i\xfe\x84\xa7*X\xbf&\xb4\
\x07\x81o\x03o\xa3\xfc;M\xba\x80]\x81\x13IA\
#z\xdd\x87\xdbN*ccH\xd2hl\x0e\xdcF\
\xfc\x8eq\xb0\xd6\x03\x5c\x04\x1cC\xea\xb6\x8f\xb2!\xe9\
V\xad\x0bHg\xb0\xd1\xdb\xa5Nm1p\x1a\xf0\xca\
Qo\xddb\xcc\x05\xfe\x95t\x19(z\x9b\x0c\xd5\xbe\
X\xda\xdaK\xd2(M\x03.&~\x07\xd9\xd7\x9e\x06\
\xbe\x09\xec\x5c\xe6J\x8f\xd2\x16\xc0\x09\xa4K\x10\xd1\xdb\
)\xaa\xad\x03~\x02\x1c\x06l0\xb6\xcdY\xb8q\xa4\
\x1e\x88k\x88\xdfN\xfd\xb7\xd7\xf1e\xae\xb4$\x8d\xc5\
\x04\xe0[\xc4\xee(W\x00\xffF5]\xfcc\xd5E\
\x1a?q\x19\xf1\x07\x98\xaa\xdaJ\xe0+\xc0\x0e\x05l\
\xbf*\xbc\x92\xf4\x10\xac\xc8m\xb6\x1cxK\xd9+*\
IE8\x0cx\x98jw\x92k\x80\xff$\x9d]w\
\xa2\x97\x01? \x9d\xe9E\x1f\xa4\xcbh\x8b\x81\x7f\x06\
6)j\x83U\xec\x00\xe0z\xaa\xdfn\x97\x90\xee6\
\x91\xa4\x8e\xb1\x09\xf0]\xca?\xa0\xf5\x00?&]\xbf\
m\x82\xdd\x80\x9f\x11\x7f\xc0.\xaa-\x07>E\xec\xf8\
\x8b\xa2t\x91\x06\x90\xdeE\xf9\xdb\xed1\xe0}\x0c}\
\x07\x8e$\xd5\xdeN\xa4\xdb\x95\x8a\x1e\xf8\xd6\x03\x9c\x07\
\xbc\xb4\xbaU\xa9\xd4\xde\xa4[\x14\xa3\x0f\xe0\xa3mO\
\x93\x06\xacu\xc2\xa5\x98\x91\x1aG\x1aTz\x0f\xc5o\
\xb7E\xc0G\x81\xa9\x95\xad\x8d$\x95l\x0ei\x84\xf5\
\x1d\x8cm\x07\xb9\x00\xf8\x1c\xb0K\xa5\xd5\xc79\x824\
\xe1M\xf4\x01}$\xedB:\xe7\x1a\xffX\x8c\x07\xde\
\x0c\xfc\x10x\x92\xd1o\xaf\xd5\xa4m\xf6.\x9e\x9dl\
J\x92\x1aig\xd2(\xf8\xd3I\x81`}\xbd\x03\xf7\
\x01g\x91f\x1c\xdc\x8b<\xbbD\xa7\x02\xffA:P\
D\x1f\xdc\xd7\xd7\x1e\x00\x0e/i\x1b\xd4\xddT\xd2@\
\xbd\x93I\x83:\x971\xf4vZ\x0e\x5c\x05\x9c\x02\x1c\
E\xe7\x8e\x8b\x90\xa41\x1bG\x9aIo{\xd2`\xb8\
\x9dH]\xc7\x03\x1fB\x94\xbb]I\xb3\x16F\x1f\xe8\
\x07\xb6\xb5\xa4i\xa1\xa7\x94\xb7\xea\x1di\x12\xb0\x15i\
\x5c\xc7.\xa4)\xa3\x9b0\x16B\x92\x14\xa0\x0b8\x0e\
x\x86\xf8\x03\x7f/\xf0'\xd2\x94\xba\x92$\xa9\x02\xbb\
\x007\x11w\xe0\xef\x01\xbe\x81\x83\xd5$I\xaa\xdc\x04\
\xe0\xd3\xa4.\xf8*\x0f\xfe\x0b\x81\xd7U\xb0~\x92$\
i=\x0e\xa0\xba\x89\x97.\xa7s'[\x92$\xa9q\
6\x03.\xa5\xdc.\xff\x93I\x036%IR\x8d\x8c\
\x07>I\xf1\xb3/.\x06\x0e\xaen5$I\xd2h\
\x1cL\xba'\xbf\x88\x83\xff\x05\xc0\xd6\xd5\x96/I\x92\
Fk:\xf0u`\x15\xa3;\xf0?\x0c\x1c[y\xd5\
\x92$\xa9\x10[\x02\xff\x97\xe1\xf5\x08\xac\x05\xae\x03\x8e\
\x066\x88(V\x92T/9N\xbf\xdbD/$\xdd\
1\xb0-i\xd0\xe04\xd2\xf5\xfd\xc7\x80\xdbI\xd3\xd3\
.\x8d*N\x92$I\x92$I\x92$I\x92$I\
\x92$I\x92$I\x92$I\x92$I\x92$I\x92\
$I\x92$I\x92$I\x92$I\x92$I\x92$\
I\x92$I\x92$I\x92$I\x92$I\x92$I\
\x92$I\x92$I\x92$I\x92$I\x92$I\x92\
$I\x92$I\x92$I\x92$I\x92$I\x92$\
I\x92$I\x92$I\x92$I\x92$I\x92$I\
\x92$I\x92$I\x92$I\x92$I\x92$I\x92\
$IR;]\xd1\x05H\xaa\x5c70\x1b\xd8\x11x\
!0\x15\xd8\xb8\xf5\xe7\x94V\x93\xd4\xde\x1a`%\xb0\
\x14x\xb2\xf5\xf7\x85\xc0\xfcV{&\xae\xb4\xf6\x0c\x00\
R\xf3\xed\x00\xbc\xa6\xd5v%\x1d\xf8'\x85V$5\
_\x0fp?p\x17p5p9p\x13\xb06\xb2\xa8\
\xfe\x0c\x00R\xf3L\x00\x0e\x06\x0e'\x1d\xf4g\xc7\x96\
#\xa9e\x05p%\xf0\x0b\xe0L\xe0\xf1\xc8b\x0c\x00\
Rs\xec\x02\x1c\x0d\xbc\x0b\xd8<\xb6\x14Im\xac\x06\
.\x06N\x07\xcek\xfd\xbbR\x06\x00\xa9\xb3u\x93\xce\
\xf4?\x0e\xec\x11\x5c\x8b\xa4\xd1Y\x0c\x9c\x0a\x9c\x06<\
Q\xd5B\x0d\x00Rg\xea\x06\xde\x0a|\x0axqp\
-\x92\x8a\xb1\x02\xf8.p2\xf0H\xd9\x0b3\x00H\
\x9d\xe7\xf5\xa43\x85\x17E\x17\x22\xa9\x14O\x02\x9f\x01\
\xbe@\x89\x97\x06\x0c\x00R\xe7\xd8\x8atfptt\
!\x92*q\x0f\xf0\xf7\xc0Ee\xbc\xb8\x01@\xaa\xbf\
.\xd2N\xe03\xa4{\xf5%\xe5\xe5\x07\xc0\x87I\xf3\
\x0d\x14\xc6\x00 \xd5\xdbt\xe0\xdb\xc0\xdb\xa2\x0b\x91\x14\
j!\xf0\x0e\xe0\xda\xa2^p\x5cQ/$\xa9p\xaf\
\x00.\x05\xf6\x89.DR\xb8\xe9\xc0\xb1\xa4\xe3\xf6U\
@\xefX_\xd0\x00 \xd5\xd3\xfb\x81s\x80\x99\xd1\x85\
H\xaa\x8dn\xe0\x00\xd2\x9c\x1f\xe73\xc6Y\x05\xbd\x04\
 \xd5\xcf\x89\xa4\xc1~\x924\x94+\x81\xc3\x18\xc3\xbc\
\x01\x06\x00\xa9>\xbaH\xb7\xfd\x9c\x10]\x88\xa4\x8e\xf0\
{\xd2\xb4\xdf\x0f\x8e\xe6\x97\x0d\x00R=t\x03g\x00\
GF\x17\x22\xa9\xa3\xdc\x07\xecO\x1a$8\x22\xdd\xc5\
\xd7\x22i\x14\xbe\x88\x07\x7fI#7\x07\xb8\x0c\xd8l\
\xa4\xbfh\x00\x90\xe2\xfd+p\x5ct\x11\x92:\xd6\x8b\
H\x83\x02\xa7\x8c\xe4\x97\xbc\x04 \xc5z?\xf0\x9f\xd1\
EHj\x84\x0b\x80\xbff\x98w\x07x\x1b\xa0\x14g\
O\xe0l\xfc\x1cJ*\xc6\x8e\xc0x\xe0\xf2\xe1\xfc\xb0\
=\x00R\x8c\x8d\x81[\x80\xed\x82\xeb\x90\xd4,=\xc0\
\x1b\x18\xc6\xf3\x03\x1c\x03 U\xaf\x0b\xf8/<\xf8K\
*^\xdf\x1dE[\x0f\xe7\x07%U\xeb\xefI\xd7\xe9\
$\xa9\x0c\x9b\x02\xdf\xa7M/\xbf\xd7\x1e\xa5jm\x09\
\x9c\x0bL\x8c.DR\xa3m\x07\xdc\x0f\xdc:\xd4\x0f\
8\x06@\xaa\xd6\xd9\xf8d?I\xd5x\x1c\x98\x0b<\
6\xd87\xed\x01\x90\xaas\x10\xf0\xb9\xe8\x22$ec\
20\x8dt{\xe0\xf3\xd8\x03 Uc<p'i\
\xc2\x0eI\xaaJ\x0f\xe9\xd1\xe2\xb7\x0c\xfc\x86\x83\x00\xa5\
j\x1c\x89\x07\x7fI\xd5\xeb\x06N\x1a\xec\x1b\xf6\x00H\
\xe5\xeb\x06n'=\xc3[\x92\xaa\xd6\x0b\xec\x0e\xfc\xae\
\xff\x17\xed\x01\x90\xcaw8\x1e\xfc%\xc5\xe9\x02>>\
\xd8\x17%\x95\xebf`\x8f\xe8\x22$em\x1d\xe9\x8e\
\x80?\xf6}\xc1\x1e\x00\xa9\x5c\xf3\xf0\xe0/)\xde8\
\xe0\xdd\xfd\xbf`\x00\x90\xcautt\x01\x92\xd4r\x0c\
\xfd\x8e\xfb^\x02\x90\xca3\x01x\x10\xd8,\xba\x90\xf5\
\xe8!\x0dP\xfc\x0d0\x1fX\x02<\x15Z\x91\xd49\
&\x003H\xb3\xee\xbd\x14\xd8\x87t\xef}\x9d\x1d\x08\
\x5c\x11]\x84\xd4t\x87\x92F\xdf\xd6\xb1-\x04>\x02\
lQ\xda\xdaK\xf9\x99\x08\xbc\x95t\x80\x8d\xfe\x8c\x0f\
\xd5\xbe[\xda\xdaK\xfa\x8b\xef\x12\xffa\x1f\xd8\x96\x02\
'\x02\x1b\x96\xb8\xde\x92\xe0\x10R\xefZ\xf4g~`\
[\x82\xb3\x00K\xa5[@\xfc\x87\xbd\x7f\xbb\x16\xcf\xf8\
\xa5*\x8d\x03N&\xfe\xb3?\xb0\xcd+s\xa5\xa5\xdc\
\xed@\xfc\x87\xbc\x7f\xfb!\x9e\xf5KQ\xdeA\x1a[\
\x13\xbd\x1f\xe8k\x1f+wu\xa5\xbc\xbd\x8f\xf8\x0fy\
_;\xbd\xe4u\x95\xd4\xdea\xa4{\xf1\xa3\xf7\x07\xbd\
\xc0\x85%\xaf\xab\x94\xb5\xff&\xfeC\xdeK\xea\xf6\x9f\
T\xf2\xbaJ\x1a\x9e\x7f&~\x9f\xd0\x0b\xac =\xa0\
LR\x09\xea0\xf8g)^\xf3\x97\xea\xa4\x0b8\x8f\
\xf8}C/>\x9cL*E7\xf5\xb8\xdewb\xd9\
+*i\xc4f\x01O\x12\xbf\x7fx\x933\x01J\xc5\
\x9bM\xfc\x80\xbb\x87\x80\xd3\x82k\x90\xf4|\x0b\x81o\
F\x17\x01\xecd\x00\x90\x8a\xb7St\x01\xc0\x17qF\
?\xa9\xaeN!\x9d\x85G2\x00H%\xd8>x\xf9\
=\xc0\x0f\x82k\x904\xb4\x05\xc05\xc15\xec`\x00\
\x90\x8a7#x\xf9\xb7\x01\x8b\x82k\x90\xb4~\x17\x07\
/\x7f\xba\x01@*\xde\xd4\xe0\xe5_\x1f\xbc|I\xed\
\xfd&x\xf9\xd3\x0c\x00R\xf16\x0a^\xfe\xfc\xe0\xe5\
Kj/\xfas\xba\x91\x01@*^t\x00X\x12\xbc\
|I\xed=\x16\xbc|\x03\x80T\x82\xe8\xe7\x81;\xfa\
_\xaa\xbf\xe8\xcf\xe9d\x03\x80$I\xd5\x8b\xbe\x0d\xb0\
\xcb\x00 IR\x86\x0c\x00\x92$e\xc8\x00 IR\
\x86\x0c\x00\x92$e\xc8\x00 IR\x86\x0c\x00\x92$\
e\xc8\x00 IR\x86\x0c\x00\x92$e\xc8\x00 I\
R\x86\x0c\x00\x92$e\xc8\x00 IR\x86\x0c\x00\x92\
$e\xc8\x00 IR\x86\x0c\x00\x92$eh|t\
\x01\x92\x0awVt\x01\x92\xea\xcf\x1e\x00I\x922d\
\x00\x90$)C\x06\x00I\x922d\x00\x90$)C\
\x06\x00I\x922d\x00\x90$)C\x06\x00I\x922\
d\x00\x90$)C\x06\x00I\x922d\x00\x90$)\
C\x06\x00\xa9xN\xb1-\xa9\xf6\x0c\x00R\xf1fF\
\x17 I\xed\x18\x00\xa4\xe2\xcd\x88.@\x92\xda1\x00\
H\xc5\x9b\x12]\x80$\xb5c\x00\x90\x8a7!\xba\x00\
Ij\xc7\x00 IR\x86\x0c\x00R\xf1\xd6D\x17 \
I\xed\x18\x00\xa4\xe2=\x19]\x80$\xb5c\x00\x90\x8a\
\xb7,\xba\x00Ij\xc7\x00 \x15\xef\xf1\xe8\x02$\xa9\
\x1d\x03\x80T\xbc\xb5\xd1\x05HR;\x06\x00I\x922\
d\x00\x90$)C\x06\x00I\x922d\x00\x90$)\
C\x06\x00I\x922d\x00\x90$)C\x06\x00I\x92\
2d\x00\x90$)C\x06\x00I\x922d\x00\x90$\
)C\xe3\xa3\x0b\x90T\xb8\xb7\x03gG\x17!\xa9\xad\
\xde\xc8\x85\xdb\x03 IR\x86\x0c\x00\x92$e\xc8\x00\
 IR\x86\x0c\x00\x92$e\xc8\x00 IR\x86\x0c\
\x00\x92$e\xc8\x00 IR\x86\x0c\x00\x92$e\xc8\
\x00 IR\x86\x0c\x00\x92$e\xc8\x00 IR\x86\
\x0c\x00\x92$e\xc8\x00 IR\x86\x0c\x00\x92$e\
\xc8\x00 IR\x86\x0c\x00\x92$e\xc8\x00 IR\
\x86\x0c\x00\x92$e\xc8\x00 IR\x86\x0c\x00\x92$\
e\xc8\x00 IR\x86\x0c\x00\x92$e\xc8\x00 I\
R\x86\x0c\x00\x92$e\xc8\x00 IR\x86\x0c\x00\x92\
$e\xc8\x00 IR\x86\x0c\x00\x92$e\xc8\x00 \
IR\x86\x0c\x00\x92$e\xc8\x00 IR\x86\x0c\x00\
\x92$e\xc8\x00 IR\x86\x0c\x00\x92$e\xc8\x00\
 IR\x86\x0c\x00\x92$e\xc8\x00 IR\x86\x0c\
\x00\x92$e\xc8\x00 IR\x86\x0c\x00\x92$e\xc8\
\x00 IR\x86\x0c\x00\x92$e\xc8\x00 IR\x86\
\x0c\x00\x92$e\xc8\x00 IR\x86\x0c\x00\x92$e\
\xc8\x00 IR\x86\x0c\x00\x92$e\xc8\x00 IR\
\x86\x0c\x00\x92$e\xc8\x00 IR\x86\x0c\x00\x92$\
e\xc8\x00 IR\x86\x0c\x00\x92$e\xc8\x00 I\
R\x86\x0c\x00\x92$e\xc8\x00 IR\x86\x0c\x00\x92\
$e\xc8\x00 IR\x86\x0c\x00\x92$e\xc8\x00 \
IR\x86\x0c\x00\x92$e\xc8\x00 IR\x86\x0c\x00\
\x92$e\xc8\x00 IR\x86\x0c\x00\x92$e\xc8\x00\
 IR\x86\x0c\x00\x92$e\xc8\x00 IR\x86\x0c\
\x00\x92$e\xc8\x00 IR\x86\x0c\x00\x92$e\xc8\
\x00 IR\x86\x0c\x00\x92$e\xc8\x00 IR\x86\
\x0c\x00\x92$e\xc8\x00 IR\x86\x0c\x00\x92$e\
\xc8\x00 IR\x86\x0c\x00\x92$e\xc8\x00 IR\
\x86\x0c\x00\x92$e\xc8\x00 IR\x86\x0c\x00\x92$\
e\xc8\x00 IR\x86\x0c\x00\x92$e\xc8\x00 I\
R\x86\x0c\x00\x92$e\xc8\x00 IR\x86\x0c\x00\x92\
$e\xc8\x00 \x15ou\xf0\xf27\x08^\xbe\xa4\xf6\
&\x06/\x7f\x95\x01@*\xde\x8a\xe0\xe5O\x0b^\xbe\
\xa4\xf6\xa6\x07/\x7f\x85\x01@*\xde\xca\xe0\xe5\xcf\x09\
^\xbe\xa4\xf6\xb6\x0f^\xbe\x01@*At\x0f\xc0K\
\x83\x97;\xe9^\xcd\x00\x00\x04EIDAT/\xa9\
\xbd\xdd\x83\x97o\x00\x90J\x10\x1d\x00\xf6!\xfe\xfa\xa2\
\xa4\xf5{m\xf0\xf2\x97\x1b\x00\xa4\xe2-\x0c^\xfed\
\xe0M\xc15H\x1a\xda\x14\xe0\x90\xe0\x1a\x16\x1a\x00\xa4\
\xe2\xdd\x1d]\x00\xf0\xe1\xe8\x02$\x0d\xe9(`jp\
\x0d\xf3\x83\x97/5\xd2$`\x1d\xd0\x1b\xdc\xa2\xcf0\
$=\xdfD\xe0^\xe2\xf7\x0f\x7fS\xf6\x8aJ\xb9\xaa\
\xc3\x07\xfc6`\x5c\xd9+*iD>A\xfc\xbe\xa1\
\x17\xd8\xa3\xec\x15\x95ru!\xf1\x1f\xf0^\xe0\xe4\xb2\
WT\xd2\xb0\xed\x0b\xac\x22~\xbf\xb0\x8e\xf8K\x10R\
c\xd5%\xe5\xf7\x02\xef)y]%\xb5\xb7-\xb0\x88\
\xf8\xfdA/pc\xc9\xeb*e\xedU\xc4\x7f\xc8\xfb\
\xda\xd3\xc0_\x97\xbb\xba\x92\xd6c[\xe0\x0e\xe2\xf7\x05\
}\xed\xf3\xe5\xae\xae\x94\xb7\xf1\xc0\x13\xc4\x7f\xd0\xfbZ\
\x0f\xe9r@W\x99+-\xe9y\xf6\xa6>g\xfe}\
\xed\xe0R\xd7X\x12\xe7\x13\xffA\x1f\xd8\xce\x03f\x95\
\xb9\xd2\x92\x804\xda\xff\x13\xd4\xe3\x9a\x7f\xff\xb6\x0a\xaf\
\xffK\xa5\xfb\x10\xf1\x1f\xf6\xc1\xda\x93\xc0\x97\x80\xedJ\
[s)_S\x81\xf7S\x8f;\x81\x06k\x97\xf4\x15\
jw\xa0T\x9e\x99\xc0\xc3\xd4\xf7\xf1\xbc\xbd\xc05\xc0\
E\xc0\xf5\xa4\x09\x8c\x96\x10\xff0#\xa9Sl\x00\xcc\
 =\x80\xebe\xc0\x81\xc0\x1bH3\xfd\xd5\xd5\xbb\x80\
\xef\x81\x01@*\xdb\xb9\xc0[\xa2\x8b\x90$R\xef\xdf\
\x96\xb4\x9eW\xe2T\xc0R\xb9\xce\x88.@\x92Z~\
B\xbf\x87\x95\x19\x00\xa4r]\x00,\x8e.B\x92\x80\
\xd3\xfb\xff\xc3\x00 \x95k5pjt\x11\x92\xb2w\
+pi\xff/8\x06@*\xdft`\x01i\xb0\x90\
$Ex\x1b\xf0\xe3\xfe_\xf0A!R\xf9V\x01\xd3\
\x80\xfd\xa2\x0b\x91\x94\xa5?\x00\xff@\xba\xf3\xe7/\xec\
\x01\x90\xaa\xb1)p\x1f\xf5\xbe=HR3\xbd\x13\xf8\
\xc1\xc0/\xda\x03 U\xe3\xa9\xd6\x9f\xaf\x0d\xadBR\
nn\x04\x8eg\xc0\xd9?\xd8\x03 Ui\x03\xd2@\
\x9c\x17G\x17\x22)\x0b=\xc0^\xc0\x0d\x83}\xd3\xbb\
\x00\xa4\xea\xac\x06>\xc0 I\x5c\x92J\xf0U\x868\
\xf8\x83\x97\x00\xa4\xaa\xdd\x0f\xec\x08\xec\x16]\x88\xa4F\
[D\x1a\xf9\xff\xccP?\xe0%\x00\xa9z3\x80[\
H\xf3\x87KR\xd1z\x80C\x80\x8b\xd7\xf7C^\x02\
\x90\xaa\xb7\x0c\xf8_\xa4K\x02\x92T\xb4\xcf\xd0\xe6\xe0\
\x0f^\x02\x90\xa2<L\xba3\xe0\xf5\xd1\x85Hj\x94\
+\x81\xbfe\x18c\x8d\x0c\x00R\x9c\xdf\x00\xbb\x00;\
G\x17\x22\xa9\x11\x1e\x22\x9dT,\x1f\xce\x0f;\x06@\
\x8a\xb5\x01\xe9\x81A\xaf\x8b.DRG{\x02\xd8\x1f\
\xb8m\xb8\xbf`\x00\x90\xe2M\x03~\x05\xbc,\xb8\x0e\
I\x9d\xe9i\xd2\x99\xff\xafG\xf2K\x0e\x02\x94\xe2-\
\x07\xdeH\x9a*X\x92Fb-\xf07\x8c\xf0\xe0\x0f\
\x06\x00\xa9.\x1e\x01\xf6\x05n\x8f.DR\xc7XE\
:\xf8\x9f7\x9a_\xf6\x12\x80T/\x1b\x03\xe7\x03\xfb\
D\x17\x22\xa9\xd6\x96\x01of\x14g\xfe}\xec\x01\x90\
\xeae)p\x10i`\xa0$\x0d\xe6\x11\xe0\x00\xc6p\
\xf0\x07o\x03\x94\xeah\x0dp&\xe9>\xdeWcO\
\x9d\xa4g]I\x1a\xf0\xf7\xc7\xb1\xbe\x90;\x16\xa9\xde\
\x0e\x04\xfe\x1b\xd8\x22\xba\x10I\xa1z\x81\xd3\x80\x8f\x92\
N\x12\xc6\xcc\x00 \xd5\xdf\xd6\xc0\xf7I]~\x92\xf2\
\xb3\x088\x06\xb8\xa4\xc8\x17u\x0c\x80T\x7f\x0f\x91z\
\x02\x8e\x05\x1e\x0d\xaeERuz\x803\x80])\xf8\
\xe0\x0f\x8e\x01\x90:\xc9m\xc0\xb7\x81\xc9\xc0\xcb1\xc0\
KMv\x0b\xf0\x16\xe0+\xa4\x89~\x0a\xe7\x0eD\xea\
,\xcb\x80\xe3\x80=\x81\x9f2\x8c\x07~H\xea(w\
\x02G\x01\xaf\x00n(sA\x8e\x01\x90:\xdb.\xc0\
\x89\xa4\xc9@\xc6\x07\xd7\x22i\xf4n\x07\xbe@\x1a\xf4\
\xbb\xae\x8a\x05\x1a\x00\xa4fx!\xf0n\xd2\x99\xc3\xb6\
\xc1\xb5H\x1a\x9e'\x81\x9f\x00\xa7\x03\x97Rq\x8f\x9e\
\x01@j\x96n\xd2\x13\xc1\x8e\x01\x0e#\xcd,(\xa9\
>\xd6\x90\xee\xe5\xff>\xf0c`eT!\x06\x00\xa9\
\xb9\xba\x81\x17\x93\xa6\x15~\x1di\x86\xc1\xe9\xa1\x15I\
\xf9\xe9\x01\xee\x02\xae&\x9d\xe5_Lzto8\x03\
\x80\x94\x8f\xf1\xc0\x1c`'`.\xb0#\xb0=0\x83\
\x14\x0c\xa6\xf6k\x92\xda[M:\x83_\x06\xach\xb5\
\x07\x81\xbbI\x07\xfd\xf9\xad\x16v\x96\xbf>\xff\x03\x0c\
\x8f\x00\x22s\xa6\xe5,\x00\x00\x00\x00IEND\xae\
B`\x82\
\x00\x00-\x1f\
\x89\
PNG\x0d\x0a\x1a\x0a\x00\x00\x00\x0dIHDR\x00\
\x00\x02\x00\x00\x00\x02\x00\x08\x06\x00\x00\x00\xf4x\xd4\xfa\
\x00\x00\x00\x04sBIT\x08\x08\x08\x08|\x08d\x88\
\x00\x00\x00\x09pHYs\x00\x00\x0b\x13\x00\x00\x0b\x13\
\x01\x00\x9a\x9c\x18\x00\x00\x00\x19tEXtSof\
tware\x00www.inksca\
pe.org\x9b\xee<\x1a\x00\x00 \x00ID\
ATx\x9c\xed\xddy\xb8]U}\xff\xf1\xf7\xbd\x19\
\x80\x04B\x12\x08C@H\x80\xca$\xa3\x860\x0a\x02\
\x22h\x05E\x06E\x05\xfd)V\xab-Z[E\x9f\
\xd6\xa2\xb5\xd6\xaa\xfdU\xad\xad\x13\xb6\x8a\xd6**\x88\
\x08\x88(\x082\xa9L2\x8aL\x01\x05d\x08C\x98\
3\xf6\x8fuSb\xc8p\xcf9{\xed\xef^{\xbf\
_\xcf\xb3\x9e\xab}\xea9\x1f\xee\xe5\xde\xfd9k\xaf\
\xbd\xd6\x10\x92\xa4\x92M\x00f\x023F\xc6\x86\xc0z\
#c\xda\xc8\xd7u\x805\x81\xb5F\xfe7k\x03\xe3\
F\xfe\xf3#\xc0\x12`\x110\x0fx\x06\x98\xbb\xccx\
\x10\xb8\x0f\xf8=0\x07\xb8\x03x \xe7?\x90\xea1\
\x14\x1d@\x924*S\x81\x9d\x80\x1d\x96\x193\x81\x0d\
\x02\xb2<A*\x037\x01\xd7\x01\xd7\x8e\x8c;He\
B\x05\xb0\x00HR\xf3\x8c\x07^\x08\xec\x01\xec\x0d\xec\
\x06l\x12\x9aht\x1e\x03\xae\x01.\x19\x19\x97\x91f\
\x11\xd4@\x16\x00I\x8a7\x06\x98\x05\x1c\x02\xbcd\xe4\
?\xaf\x19\x9a\xa8\x1aK\x80\xdf\x00\x17\x01\xe7\x02?!\
\x95\x045\x80\x05@\x92b\xac\x07\xbc\x028\x188h\
\xe4\xbf\xb7\xdd\x02\xe0b\xe0G\xc0Y\xc0\x0d\xb1q$\
I\xaa\xc7d\xe0X\xe0L\xd2b\xbb%\x1d\x1f7\x00\
'\x01\xdb\x0e\xf0=\x95$\xa9\x91\xd6\x00\x8e\x06~\x88\
\x17\xfdU\x8d_\x03'\x02\x1b\xf7\xf7m\x96$\xa9\x19\
\x9e\x0f|\x9c\xf4\x08]\xf4\xc5\xb5\xa4\xb1\x108\x0f8\
\x12\x18\xdb\xf3w]\x92\xa4\x00c\x80#\x80\x0b\x89\xbf\
\x90\xb6a\xdc\x05|\x90\xf4\x08\xa4$I\x8d3\x11x\
\x1bi\xc5{\xf4E\xb3\x8d\xe3i\xe0\x14`\x9b\xd1\xfe\
@$I\xcai*\xf0Q\xd2\xb3\xee\xd1\x17\xc9.\x8c\
\x85\xc0w\x81]F\xf3\xc3\x91$\xa9jk\x03\xef\x07\
\x1e&\xfe\xa2\xd8\xc5\xb1\x98\xf4$\x85E@\x92T\x8b\
\xb5I\xf7\xa4\x1f\x22\xfe\x22\xe8H\xe7\x17|\x93\xb4\xe0\
R\x92\xa4\xca\x0d\x91V\xa5\xdfI\xfcE\xcf\xf1\xdc\xb1\
\x00\xf8\x22\xe9\xf0#I\x92*1\x8b\xb4\xaf}\xf4E\
\xce\xb1\xfa1\x178\x01\x1f\x1f\x94$\x0d`C\xe0\x1b\
\xa4\xfb\xcd\xd1\x176Go\xe3:\xd2!J\x92$\xf5\
\xe4H\xd2\x99\xf7\xd1\x172G\xffc1\xe9\xd1A\xf7\
\x10\x90$\xad\xd6L\xd2\xa9u\xd1\x17/Gu\xe3\x1e\
\xe05H\x92\xb4\x02C\xc0;\x80'\x88\xbf`9\xf2\
\x8co\x92\x0ec\x92$\x09H+\xc7\xcf \xfe\x02\xe5\
\xc8?\xee\x04\xf6E\x92\xd4y/\x05\xee&\xfe\xc2\xe4\
\xa8o,\x06>\x03\x8cG\x92\xd49c\x81O\xe2\x0a\
\xff.\x8f\xcb\x80M\x91$u\xc6\xfa\xa4\xe3f\xa3/\
@\x8e\xf8\xf1\x00p \x1d5&:\x80$\xd5hW\
\xe0'#_\xa5\x09\xc0\xeb\x81g\x80K\x83\xb3H\x92\
2y\x13\xe9X\xd9\xe8O\x9d\x8ef\x8e\xff\x01\xd6D\
\x92\xd4\x1aC\xc0Ix\xbf\xdf\xb1\xfaq\x19\xb0\x01\x92\
\xa4\xe2\x8d\x07\xbeN\xfc\x85\xc5Q\xce\xb8\x0d\xd8\x1aI\
R\xb1&\x03?#\xfe\x82\xe2(o<\x08\xec\x89$\
\xa98S\x81_\x10\x7f!q\x94;\x9e\x00\x0eB\x92\
T\x8c\x8d\x80k\x89\xbf\x808\xca\x1f\xcf\x00\x87\xd3R\
>\x06(\xa9M6\x03.\x00\xb6\x8d\x0e\xa2V\x18\x03\
\x1c\x01\xcc\x01~\x1d\x1b\xa5z\x16\x00Im\xb1\x19p\
\x11\xb0Et\x10\xb5\xca0p(iq\xe0u\xc1Y\
*e\x01\x90\xd4\x06\x1b\x00?\x05\xb6\x8a\x0e\xa2V\x1a\
\x06\x0e\x03~\x03\xdc\x10\x9c\xa52C\xd1\x01$i@\
\xeb\x93V\xfbo\x1f\x9cC\xed7\x9f\xb4&\xe0\xac\xe8\
 U\xb0\x00H*\xd9d\xe0|`\x97\xe8 \xea\x8c\
'\x81\x97\x03\x17F\x07\x19\x94\x05@R\xa9\xc6\x01\xe7\
\x00\x07D\x07Q\xe7\xcc\x03\xf6!=mR\xac\xe1\xe8\
\x00\x92\xd4\x87!\xe0d\xbc\xf8+\xc6$\xe0l\x0a?\
N\xd8\x02 \xa9D\x1f\x06\x8e\x8d\x0e\xa1N\xdb\x048\
\x03X;:\x88$u\xc5qx\xb0\x8f\xa39\xe3\x07\
\x14\xfaD]\x91\xa1%u\xd6n\xc0i\xc0\xd8\xe8 \
\xd2\x88\xadI\xd7\xd2\xf3\xa3\x83\xf4\xca\x02 \xa9\x14\xeb\
\x01\xe7\x91\x1e\xfb\x93\x9ad\x1f\xe0z\xe0\xa6\xe8 \xbd\
\xf0)\x00I%\x18CZt\xe5\xe1,j\xaa\xc7\x80\
\xd9\x14T\x02,\x00R\xbcuH\x9fn\xd7\xe0\xd9\x05\
E\x13Ig\xd9Cz\xd6}\x08x\x1axj\xe4\xff\
\xf6\x08\xe9\xfe\xe3\xd2\xff\xdb#\xc0C5\xe5\x8d\xf0I\
\xe0\xaf\xa3CH\xabq\x03\xb0;\xf0xt\x90\xd1\xb0\
\x00Hy\x0c\x93V\x09\xcf\x00f\x8e|\xdd\x844}\
\xbd\xderc\xfc\x0a_\xa1w\x8bH%`\xee2\xe3\
?I+\x95Kv\x10\xf0#\xfc{\xa52\x9c\x0c\x1c\
\x1f\x1db4\xfc\x85\x92\x063\x19\xd8\x11\xd8a\xe4\xeb\
\x16\xa4\x8b\xfdfTwa\xef\xd7b\xe0\xf9\xa4CL\
J\xb5>i\xb3\x95\x8d\xa3\x83H=8\x1a85:\
\xc4\xeaX\x00\xa4\xd1\x9bI\xba\xc7\xb7\x13\xe9\x82\xbf\x03\
\xe9B\xdfT\xdf\x07^\x1d\x1db@g\x90Nb\x93\
J\xf20\xb03pWt\x90U\xb1\x00H+6\x06\
\xd8\x06\xd8\x0b\xd8\x9b\xb4\xcawFd\xa0>\xecK:\
\x1e\xb7To\x07>\x1f\x1dB\xea\xd3\x85\xc0\xfe\xa4\x99\
\xb8F\xb2\x00H\xc90\xf0B\xe0`\xd2\xf6\xb2\xb3\x80\
\x09\xa1\x89\x06s\x15\xe9\x9f\xa7T\x9b\x93\x1e\xabr\x97\
5\x95\xec/\x80\xcfE\x87\x90\xf4\x5c\xeb\x01G\x02_\
\x04\xee&~G\xb1*\xc7\x1b*\xfc>E\xf8\x11\xf1\
\xdfC\x87c\xd0\xf18\xe9\xd6\xa1\xa4\x06\xd8\x0a\xf8 \
\xf0\x0b\xd2\xaa\xf9\xe8?\x109\xc6\xdd\xc4/@\x1c\xc4\
\xb1\xc4\x7f\x0f\x1d\x8e\xaa\xc6\xd9H\x0a3\x13x?p\
%\xf1\x7f\x0c\xea\x18\x7f[\xcd\xb7-\xc4\xfa\xc0\xfd\xc4\
\x7f\x0f\x1d\x8e*\xc7ki \xd7\x00\xa8\xad\xa6\x03\xc7\
\x00G\x91\xee\xe7w\xc5\x22\xd2\xfd\xf3\xbb\xa3\x83\xf4\xe9\
\xeb\x94\x7f\xfbBZ\xde\xfd\xa43\x03\x1e\x89\x0e\x22\xb5\
\xd50p \xe9\xf9\xdb\xf9\xc4\xb7\xfe\x88Q\xf2t\xe3\
\xeex\xca\x9f\xa3\xbd\xe3_\x90T\xb9MHS\xfcw\
\x10\xffK\x1e=\x8e\x1c\xf0{\x19e\x88\xb4.#\xfa\
\xfb\xe7p\xe4\x1a\xf3I\xb3\x00\x92\x064Dzd\xef\
l\xda\xbb\x98\xaf\xd71\x97t\x9e@\x89\x5c\xf8\xe7\xe8\
\xc2\xf8!\x92\xfa6\x9et\xb1\xb8\x8e\xf8_\xe6\xa6\x8d\
\x7f\x1b\xe0\xfb\x1ai\x22\xf0{\xe2\xbf\x7f\x0eG\x1d\xe3\
eH\xea\xc9$\xe0\x04\xe0w\xc4\xff\x027u\xec\xda\
\xf7w7\xd6\x07\x88\xff\xde9\x1cu\x8d\xabp\x01\xbe\
4*\x1b\x03\x9f&m\xa8\x11\xfd\x8b\xdb\xe4qm\xbf\
\xdf\xe0`\x93H\xb7.\xa2\xbf\x7f\x0eG\x9d\xe3p\x1a\
`8:\x80\xb4\x12\xd3\x80O\x01\xb7\x92>\xf9O\x8c\
\x8d\xd3x\xdf\x88\x0e\xd0\xa7\xf7\x00S\xa3CH5\xfb\
\x08\x0d\xb8\xfe:\x0d\xa1\xa6\x99\x0a\xfc%\xf0n`\xdd\
\xe0,%\xd9\x1a\xf8mt\x88\x1eM\x06n\x07\xa6D\
\x07\x91\x02\xbc\x0e\xf8Vt\x08\xa9\x09\xd6\x06\xfe\x9e\xb4\
QF\xf4\xf4\x5ci\xa3\xd4\xe9\xff\x8f\x10\xff\xbds8\
\xa2\xc6M\x04\xcf\x02\x84OA\xa8\xf3\x86H\xcf\xae\xdf\
\x00\x9c\x84\x9f\xfa\xfbqZt\x80>L\x00\xfe<:\
\x84\x14h\x1b\xe0\x95\x91\x01,\x00\x8a4\x0b\xb8\x98\xb4\
s\xdff\xc1YJvzt\x80>\xbc\x99t\x1a\xa3\
\xd4e\xef\x8d|s\xd7\x00(\xc2&\xc0?\x91\xf6|\
\xf7\xdf\xc1\xc1\xcc\xa1\xbc\xe3F\x87\x81\x9bI'3J\
]\xb7\x07py\xc4\x1b;\x03\xa0:\x8d\x05N$-\
V{#^\xfc\xabP\xe2\xf4\xff\xab\xf0\xe2/-\xf5\
\x9e\xa87\xf6\x0f\xb0\xea\xf2B\xe0d`\xe7\xe8 -\
\xb3\x0f\xe96JI.\x00\xf6\x8b\x0e!5\xc4\x22`\
\x06i7\xccZ9\x03\xa0\xdc\xd6\x22-\xee\xbb\x0c/\
\xfeU{\x94\xf4}-\xc9\xf3\x81}\xa3CH\x0d2\
\x86\xb4&\xa6v\x16\x00\xe5\xb4\x0fp5\xe9\xf1\xbeq\
\xc1Y\xda\xe8g\xa4O\x0f%y+\xce<J\xcb;\
\x9eT\x04je\x01P\x0e\x13\x80\xcf\x03\x17\xe2\xf1\x97\
9]\x10\x1d\xa0G\xe3\x81\xe3\xa2CH\x0d\xf4<\xe0\
\x80\xba\xdf\xd4\x02\xa0\xaa\xbd\x80\xb4\xa2\xf5\xed\xf8I/\
\xb7\xf3\xa3\x03\xf4\xe80`\x83\xe8\x10RC\x1d_\xf7\
\x1bZ\x00T\x95!\xd2\x9e\xfdW\x00;\x04g\xe9\x82\
\xfb\x81\xeb\xa3C\xf4\xe8\xd8\xe8\x00R\x83\x1dJ\xcd\xe7\
bX\x00T\x85\x8d\x80\xb3I\xa7\xf6\xad\x11\x9c\xa5+\
. m'Z\x8a\xc9\xc0K\xa3CH\x0d6\x9eT\
\x02jc\x01\xd0\xa0^I\xda\xc6\xf7\xe0\xe8 \x1dS\
\xda\xfd\xffWa9\x94V\xe7\xe8:\xdf\xcc\x02\xa0~\
\x0d\x03\x1f\x06\xce\xc0\xe3\x5c#\x94v\xff\xbf\xd6?l\
R\xa1\x0e$\x1d\x85^\x0b\x0b\x80\xfa1\x09\xf8\x1e\xf0\
!\x5c\xe8\x17a.pKt\x88\x1eL%`\x85\xb3\
T\xa0\xb1\xa4\xc5\xb2\xb5\xb0\x00\xa8W;\x91\x9e\xed\x7f\
Ut\x90\x0e\xbb\x22:@\x8f^\x8e\xfb@H\xa3U\
\xdb:\x00\x0b\x80z\xf1\x06\xe0R`\x8b\xe8 \x1dw\
Ut\x80\x1e\xb9>D\x1a\xbd\xfd\xa9i\xbd\x8c\x05@\
\xa31D\xda\xce\xf7\x14\xd2&?\x8aU\xd2\x0c\xc00\
\xae\xfe\x97z1\x91\xb4\x8bjv\x16\x00\xad\xcex\xe0\
k\xa4\xed|\xbd\xdf\xdf\x0c%\x15\x80\x17\xe1\xe6?R\
\xafj\x995\xb3\x00hU\xa6\x00\xe7\x92\x8e\xeeU3\
<\x08\xdc\x15\x1d\xa2\x07\x87D\x07\x90\x0aT\xcb\xef\x8d\
\x05@+3\x13\xb8\x04\x8fmm\x9a_E\x07\xe8\xd1\
\xfe\xd1\x01\xa4\x02m\x07l\x9c\xfbM,\x00Z\x91]\
I\xc7\xccn\x1b\x1dD\xcfqut\x80\x1e\x8c#\xdd\
\x02\x90\xd4\xbb=s\xbf\x81\x05@\xcb\x9b\x05\x9c\x07l\
\x18\x1dD+tct\x80\x1e\xec\x8a\x8bF\xa5~\xed\
\x95\xfb\x0d,\x00Z\xd6\xbe\xc0Oqg\xbf&\xbb5\
:@\x0f\xb2\xff\x01\x93Z\xcc\x02\xa0\xda\x1c\x02\x9c\x03\
\xac\x13\x1dD\xabT\xd2\x0e\x80\xd9\xa70\xa5\x16\xdb\x85\
\xcc3h\x16\x00A\xday\xeat`\xad\xe8 Z\xa5\
\x87\x81\x87\xa2C\xf4`Vt\x00\xa9`\xe3H% \
\x1b\x0b\x80^\x07\x9c\x86'\xb5\x95\xa0\xa4O\xff\x93\x81\
\xe7E\x87\x90\x0a\xb7c\xce\x17\xb7\x00t\xdba\xa4\xdd\
\xfd\xc6D\x07\xd1\xa8\x94T\x00v\xc2\x8d\xa3\xa4A\xed\
\x90\xf3\xc5-\x00\xdd\xf5R\xe0[\xa4\xd3\xa7T\x86\x92\
\x16\x00f\xfd\xe4\x22u\x843\x00\xaa\xdc\xbe\xc0\xf7\x81\
5\xa3\x83\xa8'%\x15\x80\xac\x9f\x5c\xa4\x8e\xd8\x81\x8c\
3i\x16\x80\xee\x99\x0d\x9c\x89\xcfg\x97\xa8\xa4-\x80\
\xb7\x8f\x0e \xb5\xc0$2\xae\xa5\xb1\x00t\xcb\x8e\xf8\
\xa8_\xc9\x1e\x88\x0e\xd0\x03\x8f\x8c\x96\xaa13\xd7\x0b\
[\x00\xbac:\xe9\x93\xff\x94\xe8 \xea\xdb}\xd1\x01\
Fi-\xdcIR\xaa\xca\x8c\x5c/l\x01\xe8\x86u\
\x80\xb3\x80\xcd\xa2\x83\xa8o\x0bI\xfb\x00\x94`s|\
\x02@\xaa\x8a3\x00\xea\xdb\x18\xe0\x1b\xc0\xce\xd1A4\
\x90\xfb\x81%\xd1!F)\xdb\x1f,\xa9\x83f\xe4z\
a\x0b@\xfb}\x86\xb4\xd3\x9f\xcav\x7ft\x80\x1el\
\x1e\x1d@j\x11g\x00\xd4\x97\xf7\x01\xef\x8c\x0e\xa1J\
\x94T\x006\x8a\x0e \xb5H\xb6\xf54\x16\x80\xf6:\
\x08\xf8Xt\x08U\xa6\xa4\x02\xb0^t\x00\xa9E\xb2\
\xfd>Y\x00\xdaiK\xd2.\x7fn\xf1\xdb\x1e\x8fD\
\x07\xe8\xc1\xfa\xd1\x01\xa4\x16\x99J\xa6\xbf\xe5\x16\x80\xf6\
Y\x0b8\x15\x1f\xf7k\x9b\xa7\xa3\x03\xf4\xc0\x02 U\
g\x98t\xb8V\x96\x17V\xbb|\x1e\xd85:\x84*\
WR\x01\xf0\x16\x80T\xad,\xa5\xda\x02\xd0.'\x00\
\xc7E\x87P\x16\xcfD\x07\xe8\xc1\xa4\xe8\x00R\xcb\xac\
\x9b\xe3E-\x00\xed\xb1\x17\xf0\xc9\xe8\x10\xcaf~t\
\x80\x1e\xac\x11\x1d@j\x99\xf19^\xd4\x02\xd0\x0e\xeb\
\x926\xfb\x19\x17\x1dD\xd9\x94t\x0b \xcb\x1f+\xa9\
\xc3,\x00Z\xa9\xff \xe3nQj\x84\x92n\x01X\
\x00\xa4je\x99U\xb3\x00\x94\xef\x0d\xc01\xd1!\x94\
\x9d\x05@\xea.\x0b\x80\x9ec\x06\xf0\xb9\xe8\x10\xaaE\
Ik\x00\xbc\x15%U\xcb[\x00\xfa#\xc3\xc0W\xc9\
\xb4:T\x8dS\xd2\xa6N\x8b\xa2\x03H-\xb30\xc7\
\x8bZ\x00\xcau\x22\xb0ot\x08\xd5\xa6\xa4i\xf5\x92\
f+\xa4\x12d\xb9\x05h\x01(\xd3\xd6\xc0\xdfE\x87\
P\xad,\x00Rwe\xf9\x9d\xb2\x00\x94g\x188\x19\
X3:\x88jU\xd2\xb3\xf5\x16\x00\xa9Z\xce\x00\x08\
\x80w\x00{G\x87P\xed\x9c\x01\x90\xba\xcb\x19\x001\
\x1d\xf8ht\x08\x85(i\x06\xe0\xf1\xe8\x00R\xcb<\
\x91\xe3E-\x00e\xf9\x0f2\x9d\x0a\xa5\xc6+\xe9\xd1\
\xba\xb9\xd1\x01\xa4\x96y \xc7\x8bZ\x00\xcaq\x14p\
Xt\x08\x85\x99\x10\x1d\xa0\x07\x0fF\x07\x90Z\xe6\xa1\
\x1c/j\x01(\xc3Z\xc0'\xa2C(TIG\xec\
:\x03 Ug\x1e\xae\x01\xe8\xb4\xf7\x03\x9bG\x87P\
\xa8,\xe7\x81g\xe2\x0c\x80T\x9dl\xbfO\x16\x80\xe6\
\xdb\x14\xf8\xeb\xe8\x10\x0aW\xd2\x0c\x80\x05@\xaa\x8e\x05\
\xa0\xc3>\x01L\x8c\x0e\xa1p%\xcd\x00\xdc\x15\x1d@\
j\x91;s\xbd\xb0\x05\xa0\xd9\xf6\x00^\x1b\x1dB\x8d\
P\xd2\x0c\xc0\x9c\xe8\x00R\x8b\xcc\xc9\xf5\xc2\x16\x80\xe6\
\x1a\x02>=\xf2U\x9aL9\x07\x02\xdd\x11\x1d@j\
\x919\xb9^\xd8\x02\xd0\x5c\x87\x03\xbbE\x87Pc\x0c\
\x03S\xa3C\x8c\xd2C\xc0\xa3\xd1!\xa4\x96\xc8V\xa8\
-\x00\xcd4\x0c|(:\x84\x1agzt\x80\x1e\xcc\
\x89\x0e \xb5\xc4\x9c\x5c/l\x01h\xa6\xd7\x02;F\
\x87P\xe3\xcc\x8c\x0e\xd0\x83\xdfD\x07\x90Z`\x01p\
[\xae\x17\xb7\x004\xcf\x18<\xeaW+VR\x01\xb8\
.:\x80\xd4\x027\x91\xf1p-\x0b@\xf3\x1c\x0bl\
\x13\x1dB\x8d4#:@\x0f\xae\x8d\x0e \xb5@\xd6\
\x22m\x01h\x96q\xc0\xdfF\x87Pc\xcd\x88\x0e\xd0\
\x03\x0b\x8048\x0b@\x87\xbc\x11\xd8\x22:\x84\x1a\xab\
\xa4[\x00w\x01\x8fD\x87\x90\x0a\x97\xb5H[\x00\x9a\
c\x08xot\x085\xda\x8c\xe8\x00=X\x02\x5c\x1d\
\x1dB*\x5c\xd6\xdf!\x0b@s\x1c\x02l\x17\x1dB\
\x8d\xb6\x0e\xb0at\x88\x1e\x5c\x12\x1d@*\xd8\xad\xc0\
\x1fr\xbe\x81\x05\xa09<\xf0G\xa3\xb1Ct\x80\x1e\
\x5c\x1a\x1d@*\xd8\xc5\xb9\xdf\xc0\x02\xd0\x0c;\x01\xfb\
E\x87P\x11J\xda\x1f\xe2R`qt\x08\xa9P\xd9\
g\xd0,\x00\xcd\xf0>\xdc\xf3_\xa3S\xd2\x0c\xc0\xa3\
\xc0\x8d\xd1!\xa4BY\x00:`S\xe0\xc8\xe8\x10*\
FI3\x00\x00\x17F\x07\x90\x0a\xf4\x005\xec\xa6i\
\x01\x88\xf76\xd2\xf3\xff\xd2hl\x0f\x8c\x8d\x0e\xd1\x83\
s\xa3\x03H\x05:\x97\xf4$MV\x16\x80Xc\x80\
\xe3\xa2C\xa8(k\x00\xcf\x8f\x0e\xd1\x83\xf3\x81g\xa2\
CH\x85\xf9Q\x1dob\x01\x88u\x08\xb0Yt\x08\
\x15\xa7\xa4\xdb\x00O\x00?\x8f\x0e!\x15d1p^\
\x1dod\x01\x88\xf5\xb6\xe8\x00*\xd2\xec\xe8\x00=\xaa\
\xe5\xd3\x8c\xd4\x12W\x00\xf7\xd7\xf1F\x16\x808\x1b\x93\
f\x00\xa4^\xed\x15\x1d\xa0G?\x8c\x0e \x15\xe4\xec\
\xba\xde\xc8\x02\x10\xe7-\x94\xb5\x98K\xcd\xb1\x0b\xb0v\
t\x88\x1e\xdc\x8c\x87\x03I\xa3\xf5\x9d\xba\xde\xc8\x02\x10\
c\x08\xf8\x7f\xd1!T\xac\xb1\xc0\xac\xe8\x10=:5\
:\x80T\x80k\xa9q\xef\x0c\x0b@\x8c=)\xebd\
75Oi\xb7\x01\xbe\x15\x1d@*@\xadE\xd9\x02\
\x10\xe3\xa8\xe8\x00*^i\x05\xe06\xe0\xaa\xe8\x10R\
\xc3Y\x00Zn\x18xMt\x08\x15ow\xca\xfb\xfd\
\xfd\x9f\xe8\x00R\x83]\x01\xdcR\xe7\x1b\x96\xf6\x07\xa4\
\x0d\xf6\x066\x89\x0e\xa1\xe2M\x06v\x8d\x0e\xd1\xa3\xaf\
\xe2\xa6@\xd2\xca\x9c\x5c\xf7\x1bZ\x00\xea\xe7\xf4\xbf\xaa\
R\xdac\xa4\x0f\x02gF\x87\x90\x1a\xe8\x09\x02f\xc8\
,\x00\xf5\x1a\x06\x0e\x8f\x0e\xa1\xd6(\xad\x00\x00|9\
:\x80\xd4@\xdf\x06\xe6\xd5\xfd\xa6\x1eA[\xaf}\x81\
\x9fE\x87Pk,\x026\x04\xe6F\x07\xe9\xc1\x10\xe9\
>\xe7\x96\xd1A\xa4\x06\xd9\x13\xb8\xac\xee7u\x06\xa0\
^\xaf\x88\x0e\xa0V\x19\x03\xbc4:D\x8f\x96\x00_\
\x8a\x0e!5\xc85\x04\x5c\xfc\xc1\x02P\xb7\x12\xa7l\
\xd5l%\xfe;\xf5\x05\xe0\xd1\xe8\x10RC|*\xea\
\x8d-\x00\xf5\xd9\x94t\x96\xbbT\xa5C(\xef\xf7x\
\x1e\xf0_\xd1!\xa4\x06\xf8=\x81\xbbd\x96\xf6\x87\xa3\
d\x87\xe0\x9a\x0bUo\x1aiO\x80\xd2|\x1aX\x18\
\x1dB\x0a\xf6\xaf\xc0\x82\xa87\xb7\x00\xd4\xe7\xe0\xe8\x00\
j\xad\xa3\xa3\x03\xf4\xe1N\xe0\xbb\xd1!\xa4@\x8f\x12\
\xf0\xec\xff\xb2,\x00\xf5\x18\x0b\x1c\x10\x1dB\xadu\x14\
iA`i>\x0a,\x8e\x0e!\x05\xf9\x0c\x01\x8f\xfe\
-\xcb\x02P\x8f=\x81u\xa3C\xa8\xb56\xa2\xbc\xb3\
\x01\x00n\xa0\xc6\xa3O\xa5\x06y\x84t\x1b,\x94\x05\
\xa0\x1e\xfbF\x07P\xeb\x95x\x1b\x00\xe0C\xb8\x16@\
\xdd\xf3)\xe0\xe1\xe8\x10\x16\x80z\xec\x19\x1d@\xadw\
$\xe9VSi~\x8b\x87\x04\xa9[\xe6\x02\x9f\x8d\x0e\
\x01\x16\x80:\x0cS\xe6*m\x95e\x1a\xf0\xe2\xe8\x10\
}\xfa00?:\x84T\x93\x7f\x02\x1e\x8b\x0e\x01\x16\
\x80:lO:\xb9M\xca\xed\xd8\xe8\x00}\xba\x8d\x86\
|\x22\x922\xbb\x0d\xf8\x5ct\x88\xa5,\x00\xf9\x95\xb8\
8Ke:\x0a\x98\x12\x1d\xa2O\x1f\x01\xfe\x10\x1dB\
\xca\xec\xafh\xd0\x91\xd8\x16\x80\xfc,\x00\xaa\xcbZ\xc0\
1\xd1!\xfa\xf4\x18iA\xa0\xd4V\xe7\x03?\x88\x0e\
\xb1,w\xa6\xcb\xef6`\x8b\xe8\x10\xea\x8c_\x03;\
G\x87\xe8\xd3\x18\xe0\x0a\xca\xcd/\xad\xccB`\x17\xe0\
\xfa\xe8 \xcbr\x06 \xaf\xa9x\xf1W\xbdv\x02f\
E\x87\xe8\xd3\x22\xe0\xed#_\xa56\xf94\x0d\xbb\xf8\
C\x99\xbb\x87\x95d7\xe0M\xd1!\xd4IgF\x07\
\xe8\xd3\xdd\xc0\xfa\xc0\xec\xe8 RE\xe6\x90\xf6\xe9h\
\xdc\x93.\xce\x00\xe4\xb5Ct\x00u\xd2\xeb\x80u\xa2\
C\x0c\xe0\x03\xc0\x1d\xd1!\xa4\x8a\xfc\x19\xf0xt\x88\
\x15\xb1\x00\xe4\xb5ct\x00u\xd2\xda\xc0[\xa3C\x0c\
\xe0\x09\xe0\x9d\xd1!\xa4\x0a|\x15\xf8qt\x88\x95q\
\x11`^\x97\xe3T\xa6b\xfc\x9e\xb4\xfe$\xec\xa8\xd1\
\x0a|\x158.:\x84\xd4\xa7{H\xb3\xc0\x0fE\x07\
Y\x19g\x00\xf2\x19&m\x02$E\xd8\x148\x22:\
\xc4\x80\xde\x05\xdc\x12\x1dB\xea\xc3bRym\xec\xc5\
\x1f,\x009mI\x9a\x8a\x95\xa2\xbc7:\xc0\x80\x1e\
\x07^O\xd9\xb3\x18\xea\xa6\xff\x0f\xfc$:\xc4\xeaX\
\x00\xf2\xd9&:\x80:\xef\x85\xc0~\xd1!\x06\xf4+\
\xe0c\xd1!\xa4\x1e\x5c\x0f\xfc]t\x88\xd1\xb0\x00\xe4\
\xe3\xf3\xffj\x82\xd2g\x01\x00>\x0a\x5c\x1c\x1dB\x1a\
\x85\xc7I[r?\x1d\x1dd4,\x00\xf9\xcc\x88\x0e\
 \x01\xaf\x00^\x10\x1db@\x0bI\xeb\x19\xee\x8e\x0e\
\x22\xad\xc2\x12\xe0-\xc0M\xd1AF\xcb\x02\x90\xcf\xcc\
\xe8\x00\x12\xe9I\x9f\x93\xa2CT\xe0>\xe0H\x1a\xb8\
\x99\x8a4\xe2_\x80S\xa3C\xf4\xc2\x02\x90\xcf\x8c\xe8\
\x00\xd2\x88\xc3)w{\xe0e]\x06\xfcMt\x08i\
\x05. m`U\x14\xf7\x01\xc8\xe7\x11`\xdd\xe8\x10\
\xd2\x88\x1f\x02\xaf\x8c\x0eQ\x91\xaf\x01\xc7F\x87\x90F\
\xdcE\xda\xf6\xfd\xbe\xe8 \xbd\xb2\x00\xe41\x15\x98\x1b\
\x1dBZ\xce\x1e\xa4\xcd\xa9J7\x0e8\x078 :\
\x88:o\x1e\xb0\x0fpmt\x90~x\x0b \x8f\xcd\
\xa3\x03H+\xf0\x91\xe8\x00\x15Y\x00\xbc\x86\x06\x9e\xae\
\xa6NY@Z\x9cZ\xe4\xc5\x1f,\x00\xb9l\x18\x1d\
@Z\x81\x97\x02\xfbF\x87\xa8\xc8\xa3\xc0\xa1\x148\xed\
\xaa\xd6\xf8K\xe0\xbc\xe8\x10\x83\xb0\x00\xe4\xb1~t\x00\
i%\xfe\x95\xf6\xfc\xde\xdfA*\x01\x8fE\x07Q\xe7\
|\x18\xf8Bt\x88A\xb5\xe5\x0fA\xd3X\x00\xd4T\
\xbb\xd0\xae\x05t\xbf\x04\x0e!\x9d (\xd5\xe1\xb3\xb4\
\xe3\xd1Z\x0b@&\xebE\x07\x90V\xe1\xe3\xc0\xa4\xe8\
\x10\x15\xba\x04x5\xf0Lt\x10\xb5\xdeW\x81wG\
\x87\xa8\x8a\x05 \x0f\x0b\x80\x9alC\xe0\xc4\xe8\x10\x15\
;\x0fx-i\xd7@)\x87\xef\x02o%\xed\xf8\xd7\
\x0a\x16\x80<,\x00j\xba\xf7\x02\x7f\x12\x1d\xa2b\xdf\
\xc7\xd3\x03\x95\xc77\x81\xd7\x01\x8b\xa2\x83T\xc9\x02\x90\
\x87k\x00\xd4t\xe3I\xb7\x02\xda\xe6T\xe0U\xc0S\
\xd1A\xd4\x1a_\x02\xdeH\x0bg\x97,\x00y\xb8\x03\
\xa0Jp8i\x01]\xdb\x9cM\xfa\xe7\xf2\xe9\x00\x0d\
\xea\xdf\x81\xb7\x03\x8b\xa3\x83\xe4`\x01\xc8c\x8d\xe8\x00\
\xd2(}\x01X':D\x06\x17\x92J\xc0\xc3\xd1A\
T\xac\x93\x80w\xd1\xa2{\xfe\xcb\xb3\x00\xe4a\x01P\
)6\x03\xfe!:D&\x97\x90\xf6h\xbf%:\x88\
\x8a\xb2\x10x\x07\xe9Y\xffV\xf3,\x80<\xe6\xe0v\
\xc0*\xc7b\xd2~\xe6\x97F\x07\xc9d=\xd2\x02\xc1\
\xbd\xa3\x83\xa8\xf1\x1e\x03\x8e&\x9d5\xd1z\xce\x00\xe4\
1>:\x80\xd4\x83a\xe0+\xb4w\xe6j.p\x10\
pZt\x105\xda]\xc0\x9et\xe4\xe2\x0f\x16\x80\x5c\
\xda\xfa\x87T\xed\xb5\x0d\xf0\xfe\xe8\x10\x19=E:\xb8\
\xe5DZ\xba\xa0K\x03\xb9\x08\x98M\xc7\x0e\x98\xf2\x16\
@\x1e\xf3h\xe7\xc2*\xb5\xdb3\xc0\xee\xc05\xd1A\
2;\x04\xf8o`Jt\x105\xc2\x97H\x8b\xfd:\
\xb7\x7f\x84\x05 \x8fg\xf06\x80\xcat\x13\xf0\x22\xe0\
\xc9\xe8 \x99m\x06|\x8f\xf4\xcf\xaanz\x1cx\x0b\
i\xef\x88N\xf2\x16@\x1ec\xa2\x03H}\xda\x16\xf8\
dt\x88\x1a\xdcE:\x1a\xb9\xf8\x13\xdd\xd4\x97\xab\x81\
Yt\xf8\xe2\x0f\xce\x00\xe4\xb2\x10K\x80\xcav\x18\xf0\
\x83\xe8\x105y\x19\xe9\x90\x97\x8d\x82s(\xbf%\xc0\
\xbf\x01\xef\xc3\xc3\xa3,\x00\x99X\x00T\xba\x07\x80\x9d\
\x80{\xa3\x83\xd4d\x03\xe0?\x81WD\x07Q6\xf7\
\x01o\xa6C\xab\xfcW\xc7[\x00\x92Vd\x1a\xe9\x82\
\xd8\x95\x0f\x09\xf7\x03\xaf$m\x00\xf3hp\x16Uk\
\x09i\x86g;\xbc\xf8\xab\x06\x0bI\xff\xd29\x1c\xa5\
\x8f\x0f\xd0=\x1b\x01\xdf!\xfe{\xef\x18|\xdcN\xda\
\x03B\xaa\x8d\x05\xc0\xd1\x96\xb1\x088\x98n:\x02\xb8\
\x87\xf8\x9f\x81\xa3\xf7\xb1\x80\xb4\x98u\xc2s~\xaa\xfa\
?]\x99\xde\xab\x9bk\x00\xd4&\x0f\x91VL\xdf\x1e\
\x1d$\xc0D\xe0oH\x9b$\xad\x19\x9cE\xa3s>\
\xf0n\xe0\xba\xe8 \xea&g\x00\x1cm\x1b\xd7\xd0\xed\
OS\x9b\x01\xa7\x10\xffsp\xac|\xdc\x02\x1c\xb9\xb2\
\x1f\xa0T\x17\x0b\x80\xa3\x8d\xe3\xeb\xe8\x00\xe0\x97\xc4\xff\
,\x1c\xcf\x8e\xfb\x81\xbf\xc2\xcd\xd7\xd4\x10\x16\x00G[\
\xc7\x9f#\x80\x03\x81+\x88\xffyty\xcc\x03>\x0e\
\xac\xbb\x9a\x9f\x95T+\x0b\x80\xa3\xadc!\xe9q9\
\xa55TG\x92\x0e\x90\x89\xfe\xb9ti<\x0c\x9c\x84\
\x17\xfe\x81\xb9\x080\x0f\x17\x01\xaa\xcd\x1e\x03^L\xfb\
\x0f\x0d\xea\xc5\xde\xa4\x85\x82\xaf\xc0\xbf\xab\xb9\xdcK:\
\xb8\xe7\xd3\xc0#\xc1Y\xa4\x95r\x06\xc0\xd1\xf6q7\
\xf0<\xb4\xbc]\x81o\x92\x1eC\x8b\xfe\x19\xb5e\x5c\
\x09\x1c\x03\x8c\xed\xe1\xe7\xa0Q\xb0\xa9\xe6\xe1\x0c\x80\xba\
\xe0\x06`/\xdc9oE6\x02\x8e\x03\x8e\x07\xb6\x0c\
\xceR\xa2\xa7\x813I\x9f\xf8\x7f\x12\x9c\xa5\xb5,\x00\
yX\x00\xd4\x15\xe7\x02\x7fJ\xfaw^\xcf5\x04\xec\
O*\x02\x87\xe1^\x02\xab\xf3\x0b\xe0+\xc0\xb7H\xb7\
\x9a\x94\x91\x05 \x0f\x0b\x80\xba\xe4\x1b\xa4O\xbb\x8b\xa3\
\x834\xdc\x04\xd2c\x84o$\x95\x01\x1f[Kn$\
m\xbd\xfcM\xe0\xb7\xc1Y:\xc5\x02\x90\x87\x05@]\
\xf3_\xc0[H\xf7l\xb5z\x93\x81W\x03\x87\x92J\
\xc1:\xb1qj\xb5\x88\xf4\x08\xe5Y\xa4\x0b\xffob\
\xe3t\x97\x05 \x0f\x0b\x80\xba\xe8\xb3\xc0\x09\xd1!\x0a\
4\x8e\xf4\x14\xc1\xc1#c\xc7\xd88Y\xdcG\xba]\
\xf4#\xe0\xc7\xc0\xdc\xd88\x02\x0b@.\x16\x00u\xd5\
\x87I\xcfh\xab\x7f\x93\x80\xddH\xa5`\xaf\x91\xaf\xa5\
\xad\x1d\xb8\x17\xb8\x18\xb8d\xe4\xebU8;\xd48\x16\
\x80<,\x00\xea\xb2\x13\x81\x7f\x8e\x0e\xd1\x22k\x02;\
\x91f\x06v\x04v\x18\xf9:%2\xd4\x88\xf9\xa4{\
\xf8\xd7\x8d\x8ck\x81\xabI\xdb\xf3\xaa\xe1,\x00yX\
\x00\xd4eK\x80\xf7\x02\xff\x1a\x1d\xa4\xe5\xa6\x03[\x00\
3\x81\x19\xcb|\xdd\x10Xod\x0c\xfa\xec\xfc#\xc0\
\x03\xc0\x83\xc0]\xc0\x1c\xe0\x8e\x91\xafsH'D.\
\x18\xf0=\x14\xc4\x02\x90\x87\x05@J\xb3\x00'F\x87\
\xe8\xb8u\x81i#_\xc7\x90n/@z\x22a\x0d\
RY[\xba\xab\xde\xd3\xc0S#c\xee\xc8\xf0\xf1\xce\
\x16\xb3\x00\xe4a\x01\x90\x92O\x90J\x80\xf7\x7f\xa5\x86\
\xb1\x00\xe4a\x01\x90\x9e\xf5\x05\xe0\x9d\xb8O\x80\xd4(\
\x16\x80<,\x00\xd2\x1f\xfb&i\xb3 \xa7\x94\xa5\x86\
\x18\x8e\x0e \xa9\x13\x8e\x01N%\xdd{\x96\xd4\x00\xce\
\x00\xe4\xe1\x0c\x80\xb4b\xbf$\xed~w_t\x10\xa9\
\xeb\x9c\x01\x90T\xa7\xdd\x80\xcb\x80m\xa3\x83H]g\
\x01\x90T\xb7\x99\xa4\x1d\xe2\xf6\x0b\xce!u\x9a\x05@\
R\x84)\xa4\xbd\xe1\xdf\x18\x1dD\xea*\x0b\x80\xa4(\
\xe3\x81S\x80/\x92\x0e\xc4\x91T#\x17\x01\xe6\xe1\x22\
@\xa97?\x07\x8e\x02\xfe\x10\x1dD\xea\x0ag\x00$\
5\xc1>\xa43\xe2\xf7\x88\x0e\x22u\x85\x05@RS\
l\x02\x5c\x04\xbc?:\x88\xd4\x05\xde\x02\xc8\xc3[\x00\
\xd2`\xbe\x0e\xbc\x0b\x98\x17\x1dDj+\x0b@\x1e\x16\
\x00ipw\x92\x9e\x12\xf8yt\x10\xa9\x8d\xbc\x05 \
\xa9\xa96\x07\xce\x07>\x8eO\x09H\x95s\x06 \x0f\
g\x00\xa4j\xfd\x02x\x03pkt\x10\xa9-\x9c\x01\
\x90T\x82\xd9\xc0\x95\xc0\x9b\xf1\x83\x8bT\x09\x7f\x91\xf2\
p\x06@\xca\xe7\x22\xe0x\xe0\xb7\xd1A\xa4\x929\x03\
 \xa94/\x06\xae!=.868\x8bT,g\
\x00\xf2p\x06@\xaa\xc7\xaf\x81\xb7\x926\x11\x92\xd4\x03\
g\x00$\x95l'\xd2\xf1\xc2\x9f\x04&\x05g\x91\x8a\
\xe2\x0c@\x1e\xce\x00H\xf5\x9b\x0b\xfc\x03\xf09`Q\
p\x16\xa9\xf1,\x00yX\x00\xa48W\x03\xef&-\
\x16\x94\xb4\x12\xde\x02\x90\xd46\xbb\x00\x17\x02\xa7\x023\
b\xa3H\xcde\x01\x90\xd4VG\x027\x03_\x04\xa6\
\x07g\x91\x1a\xc7[\x00yx\x0b@j\x96\xf9\xc0W\
\x81\xbf\x07\xfe\x10\x1bEj\x06\x0b@\x1e\x16\x00\xa9\x99\
\x9e\x00\xbe\x02\xfc#p\x7fp\x16)\x94\x05 \x0f\x0b\
\x80\xd4l\x8f\x02\x9f\x07>\x0b\xdc\x1b\x9cE\x0aa\x01\
\xc8\xc3\x02 \x95a>\xf0m\xe0\x13\xc0\xf5\xc1Y\xa4\
ZY\x00\xf2\xb0\x00H\xe5\xb9\x04\xf8g\xe0\x87\xc0\x92\
\xe0,Rv\x16\x80<,\x00R\xb9\xae!=9\xf0\
M`^p\x16)\x1b\x0b@\x1e\x16\x00\xa9|O\x03\
g\x02_\x02~\x8a\xb3\x02j\x19\x0b@\x1e\x16\x00\xa9\
]\xae\x07N\x06\xbe\x0e<\x14\x9cE\xaa\x84\x05 \x0f\
\x0b\x80\xd4N\x8b\x80\xcb\x81SH\x8b\x07\x1f\x8d\x8d#\
\xf5\xcf\x02\x90\x87\x05@j\xbfg\x80\xf3\x80\xef\x00\xa7\
\x03\x8f\xc5\xc6\x91zc\x01\xc8\xc3\x02 u\xcbS\xc0\
\x8f\x80sF\xbe\xfe.6\x8e\xb4z\x16\x80<,\x00\
R\xb7\xdd\x0e\xfc\x84\xf4H\xe1\x8fI\xb3\x05R\xa3X\
\x00\xf2X\x84\x07-IJ\x1e\x07.\x00.&\xed5\
p\x05\x16\x025\x80\x05\xa0zc\x81\x05\xd1!$5\
\xd63\xa4\x12p\x09\xa9\x14\x5c\x0a\xcc\x0dM\xa4N\xb2\
\x00To\x22\xa9\xf1K\xd2h\xdd\x0b\xdc\x00\xdc\x08\x5c\
9\xf2\x9fo \xedE ea\x01\xa8\xdeTl\xf3\
\x92\x067\x9fT\x08~\x0b\xdc12\xe6\x8c|\xbd\x13\
o#h@\x16\x80\xeaM\x07\xee\x8e\x0e!\xa9\xd5\x96\
\x00\xf7\x90\x0a\xc1\xdce\xc6\x03\xc0\x83\xcb\xfc\xf7\xa7H\
\x8f'.$\xadMZ\xba\xb5\xf1\x93X :ol\
t\x80\x16Z#:\x80\xa4\xd6\x1b\x026\x19\x19\xfdz\
\x92t\xcbR\x1d\xe5J\xf5\xeaY\x00$\x95`\x020\
.:\x84\xe2X\x00\xaag\x01\x90T\x8aI\xd1\x01\x14\
\xc7\x02P\xbd\x09\xd1\x01$i\x94\xd6\x8d\x0e\xa08\x16\
\x80\xea\xad\x1f\x1d@\x92F\xc9\x19\x80\x0e\xb3\x00To\
Zt\x00I\x1a%\x0b@\x87Y\x00\xaag\x01\x90T\
\x0ao\x01t\x98\x05\xa0z\xde\x02\x90T\x8a\xc9\xd1\x01\
\x14\xc7\x02P\xbd\x0d\xa2\x03H\xd2(M\x8f\x0e\xa08\
\x16\x80\xeay\x0b@R)\x06\xd9HH\x85\xb3\x00T\
\xcf\x02 \xa9\x14\x9bF\x07P\x1c\x0b@\xf56\x8e\x0e\
 I\xa3\xf4\xbc\xe8\x00\x8ac\x01\xa8\xd6ZxOM\
R9\xbc\x05\xd0a\x16\x80jm\x81',J*\xc7\
\x86\xc0\xf8\xe8\x10\x8aa\x01\xa8\xd6V\xd1\x01$\xa9\x07\
\xc3x\xdb\xb2\xb3,\x00\xd5\xda2:\x80$\xf5h\x8b\
\xe8\x00\x8aa\x01\xa8\x96\x05@Ri\xb6\x8b\x0e\xa0\x18\
\x16\x80jY\x00$\x95f\xdb\xe8\x00\x8aa\x01\xa8\x96\
\x05@Ri\x9c\x01\xe8(W\xacWg\x020\x0f\x18\
\x13\x1dD\x92zp/>\xbe\xdcI\xce\x00Tgg\
\xbc\xf8K*\xcf\xc6\xc0\x94\xe8\x10\xaa\x9f\x05\xa0:\xbb\
D\x07\x90\xa4>\xb9\x0e\xa0\x83,\x00\xd5\xd99:\x80\
$\xf5\xe9\x05\xd1\x01T?\x0b@uv\x8d\x0e I\
}\xda-:\x80\xeag\x01\xa8\xc6x`\xfb\xe8\x10\x92\
\xd4\xa7\xd9\xd1\x01T?\x0b@5\xb6\x07\xd6\x88\x0e!\
I}\xda\x0e\x98\x14\x1dB\xf5\xb2\x00T\xc3\x05\x80\x92\
J6\x0c\xbc(:\x84\xeae\x01\xa8\xc6\xbe\xd1\x01$\
i@\xde\x06\xe8\x18\x0b@5,\x00\x92Jg\x01\xe8\
\x18w\x02\x1c\xdcL\xe0\xf6\xe8\x10\x924\xa0?\xe0\xd1\
\xc0\x9d\xe2\x0c\xc0\xe0^\x12\x1d@\x92*\xb0\x11n\x08\
\xd4)\x16\x80\xc1\xed\x17\x1d@\x92*\xf2\xd2\xe8\x00\xaa\
\x8f\x05`p\xde\xff\x97\xd4\x16\x16\x80\x0eq\x0d\xc0`\
\xb6\x04n\x8d\x0e!I\x15y\x0cX\x0fX\x10\x1dD\
\xf99\x030\x98\x83\xa2\x03HR\x85\xd6\x01\xf6\x88\x0e\
\xa1zX\x00\x06\xf3\xaa\xe8\x00\x92T\xb1\x03\xa3\x03\xa8\
\x1e\x16\x80\xfeM\xc2\x05\x80\x92\xda\xc7\x99\xcd\x8e\xb0\x00\
\xf4\xef\xe5\xa4C\x80$\xa9Mf\x01\xd3\xa3C(?\
\x0b@\xff\x0e\x8b\x0e I\x19\x0c\xe3\xed\xcdN\xb0\x00\
\xf4g\x1cppt\x08I\xca\xe45\xd1\x01\x94\x9f\x05\
\xa0?\xfb\x01\x93\xa3CHR&\xfb\x02\x1bD\x87P\
^\x16\x80\xfe\xbc::\x80$e4\x0684:\x84\
\xf2\xb2\x00\xf4n<pdt\x08I\xca\xec\x88\xe8\x00\
\xca\xcb\x02\xd0\xbb?\x05\xd6\x8f\x0e!I\x99\xed\x0fL\
\x89\x0e\xa1|,\x00\xbd;.:\x80$\xd5`\x1cp\
Tt\x08\xe5\xe3Y\x00\xbd\x99\x06\xdcM\xfa\xc5\x90\xa4\
\xb6\xfb%0;:\x84\xf2p\x06\xa07\xc7\xe0\xc5_\
Rw\xec\x06\xec\x14\x1dByX\x00zslt\x00\
I\xaa\x99\xb7=[\xca[\x00\xa3\xb7\x03pmt\x08\
I\xaa\xd9\x83\xc0&\xc0\xfc\xe8 \xaa\x963\x00\xa3\xf7\
\xce\xe8\x00\x92\x14`}\xdc\x13\xa0\x95\x9c\x01\x18\x9d)\
\xc0\xef\x80\x89\xd1A$)\xc09\xa4\x03\xd0\xd4\x22\xce\
\x00\x8c\xce[\xf1\xe2/\xa9\xbb\x0e\x06\xb6\x89\x0e\xa1j\
\x8d\x89\x0eP\x801\xc0)\xb8!\x86\xa4\xee\x1a\x1a\x19\
gG\x07Qu\xbc\x05\xb0z\x87\x03\xdf\x8b\x0e!I\
\xc1\x9e\x046\x03\xe6F\x07Q5\x9c\x01X\xbd\xcf\x03\
3\xa2CHR\xb0q\xc0\xa3\xc0\xcf\xa3\x83\xa8\x1a\xce\
\x00\xac\xdaN\xc05\xd1!$\xa9!\xee\x01f\xe2#\
\x81\xad\xe0\x22\xc0U\xfb`t\x00Ij\x90\xe9\xc0k\
\xa3C\xa8\x1a\xce\x00\xac\xdc\xf6\xa4\x8d\x7f,I\x92\xf4\
\xack\x80]\x81%\xd1A4\x18/n+\xf7!\xfc\
\xfeH\xd2\xf2v\xc6\x8d\x81Z\xc1\x19\x80\x15\xdb\x0e\xb8\
\x0e\x0b\x80$\xad\xc8\xf5\xa45R\x8b\xa3\x83\xa8\x7f^\
\xe0V\xccO\xff\x92\xb4r/ =\x22\xad\x829\x03\
\xf0\x5c~\xfa\x97\xa4\xd5\xbb\x91tH\x9a\xb3\x00\x85\xf2\
\x22\xf7\x5c~\xfa\x97\xa4\xd5\xdb\x0e8::\x84\xfa\xe7\
\x0c\xc0\x1f\x9b\x0d\x5c\x86\xdf\x17I\x1a\x8d[HE`\
at\x10\xf5\xce\x9d\x00\x9f5\x04\x9c\x0a</:\x88\
$\x15b=\xe0.\xe0\xea\xe8 \xea\x9d\x9ft\x9fu\
\x0c\xf0\xdf\xd1!$\xa90\xf7\x03\xcf'm\x13\xac\x82\
8\x03\x90\xac\x05\x9c\x0eL\x8e\x0e\x22I\x85\x99H\xba\
\x96\x9c\x17\x1dD\xbdq\xb1[\xf2^`\xf3\xe8\x10\x92\
T\xa8\x13H\xb3\x00*\x88\xb7\x00`C\xe0\xb7\xc0\xa4\
\xe8 \x92T\xb0\x1f\x00\x87E\x87\xd0\xe89\x03\x00\x9f\
\xc0\x8b\xbf$\x0d\xeaP\xe0\xa0\xe8\x10\x1a\xbd\xae\xcf\x00\
\xbc\x148\x17\xbf\x0f\x92T\x85\x1bIg\x05,\x88\x0e\
\xa2\xd5\xeb\xf2\x22\xc0\x09\xc0Y\xc0\xd4\xe8 \x92\xd4\x12\
\xd3H\x17\xff\x8b\xa2\x83h\xf5\xba|\x0b\xe0\x1f\x80-\
\xa3CHR\xcb\xfc-\xe98u5\x5cW\xa7\xbeg\
\x91v\xfc\xeb\xf2\x0c\x88$\xe5\xf2\x0b`/`Qt\
\x10\xad\x5c\x17/\x80cI\xabU\xa7G\x07\x91\xa4\x96\
\xda\x14x\x04\xb8<:\x88V\xae\x8b\xb7\x00\xde\x07\xec\
\x12\x1dB\x92Z\xee\xa3\xc0\x16\xd1!\xb4r]\xbb\x05\
\xb0\x0bi\xea\x7f\x8d\xe8 \x92\xd4\x01\xe7\x03\x07\x02K\
\xa2\x83\xe8\xb9\xbat\x0b`\x02\xf0c`\xa3\xe8 \x92\
\xd4\x113\xf1V@cui\x06\xe0K\xc0\xf1\xd1!\
$\xa9c\x16\x00\xfb\x90\x16\x06\xaaA\xbaR\x00\x0e\x07\
\xbe\x17\x1dB\x92:\xeaV\xe0\x85\xc0\xbc\xe8 zV\
\x17n\x15\xd1[V\x00\x00\x0c\x90IDAT\x01l\
J\xda\xf0gBt\x10I\xea\xa8\xa9\xa4'\xaf\xbe\x1f\
\x1dD\xcfj{\x01\x18\x06N\xc3M)$)\xda\xce\
\xc0m\xc0\xb5\xd1A\x94\xb4\xfd1\xc0\x93\x80\xfd\xa3C\
H\x92\x00\xf8\x0f`\xab\xe8\x10J\xda\xbc\x06\xe0U\xa4\
O\xffm\xfeg\x94\xa4\xd2\xdc\x04\xec\x8e\xeb\x01\xc2\xb5\
\xf5\x16\xc0\xb6\xa4\xfb\xfekF\x07\x91$\xfd\x91i\xa4\
\xbf\xd1\xdf\xc1\xfd\x01B\xb5\xb1\x00L!m>\xb1q\
t\x10I\xd2\x0amC\xba\xf8_\x18\x1d\xa4\xcb\xdaV\
\x00\xc6\x00\xdf\x05fG\x07\x91$\xad\xd2\xbe\xa4\xdb\x01\
7D\x07\xe9\xaa\xb6-\x02\xfc\x04pHt\x08I\xd2\
j\x0d\x01_\x01v\x88\x0e\xd2UmZ \xf7f\xe0\
?\xa3CH\x92zr;i\xd6\xf6\xc1\xe8 ]\xd3\
\x96\x02\xf0r\xe0\x0c\xd2Q\xbf\x92\xa4\xb2\xfc\x8a\xf4\xc8\
\xf6\xe3\xd1A\xba\xa4\x0d\x05`\x16i\xd1\xdf\xda\xd1A\
$I}\xfb)\xe9\xc3\xdc\xfc\xe8 ]Q\xfa\x22\xc0\
\xadH\xff\xd2L\x89\x0e\x22I\x1a\xc8\x16\xc0\x96\xa4\xed\
\x82}<\xb0\x06%\x17\x80\x8dI\x8f\x90l\x12\x1dD\
\x92T\x89\x1d\x80\xf5\x80s\xa2\x83tA\xa9\x05`\x12\
p\x1ei3\x09IR{\xec\x06<\x09\x5c\x1a\x1d\xa4\
\xedJ,\x00k\x03g\xe3\xb3\xfe\x92\xd4V\x07\x02\xf7\
\x00WE\x07i\xb3\xd2\x0a\xc0D\xe0\x87\xc0\x8b\xa3\x83\
H\x92\xb2\x19\x02\xfe\x14\x98\x0b\xfc28Kk\x95T\
\x00\x96^\xfc\xf7\x0b\xce!I\xcao\x88\xb4\xb1\xdb\xc3\
\xc0/\x82\xb3\xb4R)\x05`\x22\xe9p\x9f\xfd\x82s\
H\x92\xea3\x04\x1c\x0c<\x82%\xa0r%\x14\x80\xa5\
\x17\xff}\xa3\x83H\x92j\xb7\xb4\x04\xcc\x07.\x0e\xce\
\xd2*M/\x00\x93\x81s\x81\xbd\xa3\x83H\x92B\x1d\
\x00<\x0d\x5c\x12\x1d\xa4-\x9a\x5c\x006&=\xea7\
+:\x88$\xa9\x11\x0e$\xed\x13p.n\x164\xb0\
\xa6n\x05\xbc-\xf0#`\xb3\xe8 \x92\xa4\xc6\xf9>\
p\x0c\xf0Tt\x90\x925\xb1\x00\xec\x0e\x9c\x09\xac\x1f\
\x1dD\x92\xd4X\x97\x03\xaf\xc4S\x04\xfb6\x1c\x1d`\
9\x87\x91\x0e\xf6\xf1\xe2/IZ\x95\xdd\x81\xcbHg\
\xc2\xa8\x0fM*\x00o\x07\xbe\x07\xac\x15\x1dD\x92T\
\x84\xad\x80\x8b\x80\x9d\xa3\x83\x94\xa8)\x05\xe0\xfd\xc0\xe7\
i\xf6\xa2DIR\xf3l\x0c\xfc\x9c\xf4\xa8\xa0z\x10\
\xbd\x06`\x18\xf8\x1c\xf0\x8e\xe0\x1c\x92\xa4\xb2\xcd\x07\x8e\
\x02\xce\x88\x0eR\x8a\xe8\x19\x80O\xe1\xc5_\x924\xb8\
\xf1\xc0\xa9\xa43\x044\x0a\x913\x00\x1f\x03>\x10\xf8\
\xfe\x92\xa4\xf6y\x1a\xd8\x9f\xb4@P\xab\x10U\x00\x8e\
\x05\xbe\x16\xf4\xde\x92\xa4v{\x10\xd8\x03\xb85:H\
\x93E\x14\x80=\x80\x0b\x805\x02\xde[\x92\xd4\x0d\xd7\
\x92\x1e\x15t\xb3\xa0\x95\xa8{\xd5\xfd\xba\xa4\xed}}\
\xce_\x92\x94\xd3\x86\xa4k\xcd\x0f\xa3\x834U\xdd\x05\
\xe0d\xe0\xc55\xbf\xa7$\xa9\x9b^\x04\x5c\x0d\xdc\x1c\
\x1d\xa4\x89\xea\xbc\x05\xf02\xd2\xfe\xfe\x92$\xd5\xe5^\
`;\xe0\x91\xe8 MS\xd7\x0c\xc0Z\xc0Y\xc0\x94\
\x9a\xdeO\x92$\x80uH\xd7 ?\x80.\xa7\xae}\
\x00N\x00\xb6\xa8\xe9\xbd$IZ\xd6;\xf0\xcc\x80\xe7\
\xa8c\x06`]\xd2\xe6\x0c\xee\xf1/I\x8a0\x86\xb4\
(\xf0\xbb\xd1A\x9a\xa4\x8e\x19\x80w\x01Skx\x1f\
I\x92V\xe6\x08\xe0O\xa2C4I\xee\x19\x80q\xc0\
\x7f\x93\xee\xc1H\x92\x14e\x98\xb4\xff\x8c\x8f\x05\x8e\xc8\
=\x03p\x040=\xf3{H\x924\x1a\xaf\x07&E\
\x87h\x8a\xdc\x05\xe0M\x99__\x92\xa4\xd1\x9a\x08\x1c\
\x1d\x1d\xa2)r\x16\x80i\xa4\x03\x19$Ij\x8ac\
\xa2\x034E\xce\x02p\x1806\xe3\xebK\x92\xd4\xab\
\xbd\x81\xf5\xa2C4A\xce\x02\xf0\xb2\x8c\xaf-IR\
?\xc6\x02\x87D\x87h\x82\x5c\x05`\x0cp@\xa6\xd7\
\x96$i\x10\xfbF\x07h\x82\x5c\x05`k\xdc\xf6W\
\x92\xd4L\xfbD\x07h\x82\x5c\x05\xe0E\x99^W\x92\
\xa4A\xfd\x09\xe9\x89\x80N\xcbU\x00v\xcc\xf4\xba\x92\
$\x0dj\x98tB`\xa7\xe5*\x0033\xbd\xae$\
IU\xd8::@4\x0b\x80$\xa9\x8b6\x89\x0e\x10\
-W\x01\x98\x96\xe9u%I\xaaB\xe7\xb7\xa9\xcfU\
\x00\xdckY\x92\xd4d\x9d?\xa4.W\x01X;\xd3\
\xebJ\x92T\x85\xb5\xa2\x03D\xcbU\x00\x16gz]\
I\x92\xaa0.:@\xb4\x5c\x05`Q\xa6\xd7\x95$\
\xa9\x0aOG\x07\x88\x96\xab\x00<\x99\xe9u%I\xaa\
\xc2S\xd1\x01\xa2\xe5*\x00\xf7gz]I\x92\xaa\xf0\
`t\x80h\x16\x00IR\x17\xdd\x1b\x1d Z\xae\x02\
pG\xa6\xd7\x95$\xa9\x0a\xbf\x8b\x0e\x10-W\x01\xb8\
9\xd3\xebJ\x92T\x85\x1b\xa3\x03D\xcbU\x00n\xc8\
\xf4\xba\x92$\x0d\xea\x19\xe0\xb6\xe8\x10\xd1r\x15\x80\xcb\
3\xbd\xae$I\x83\xba\x0aX\x18\x1d\x22Z\xae\x02p\
\x1fpK\xa6\xd7\x96$i\x10?\x8d\x0e\xd0\x04\xb9\x0a\
\x00\xc0\x05\x19_[\x92\xa4~y}\x22o\x018=\
\xe3kK\x92\xd4\x8fy\xc0\xa5\xd1!\x9a g\x01\xf8\
)\xf0p\xc6\xd7\x97$\xa9W\xa7\xe26\xc0@\xde\x02\
\xb0\x00g\x01$I\xcd\xf2\x8d\xe8\x00M1\x94\xf9\xf5\
w\x05\xae\xcc\xfc\x1e\x92$\x8d\xc6-\xc0\xd6\xc0\x92\xe8\
 M\x90s\x06\x00\xd2\xa3\x16\x17g~\x0fI\x92F\
\xe3\x9f\xf1\xe2\xff\x7fr\xcf\x00\x00\x1c\x0a\x9cQ\xc3\xfb\
H\x92\xb42\xbf\x03\xb6\x02\xe6G\x07i\x8a\xdc3\x00\
\x00?\xc0Y\x00IR\xac\x8f\xe1\xc5\xff\x8f\xd41\x03\
\x000\x1b\xb8\xac\xc6\xf7\x93$i\xa9\xab\x81Y\xc0\xa2\
\xe8 M2\xa6\xa6\xf7\xb9\x1b\xd8\x1c\xd8\xa5\xa6\xf7\x93\
$\x09\xd2=\xff\xd7\x00wE\x07i\x9a:n\x01,\
\xf5W\xc0\xefk|?I\x92>G\x9a\x81\xd6r\xea\
\x9e\x92?\x188\x8bz\x8b\x87$\xa9\x9b\xae\x01v'\
\x9d\xfe\xa7\xe5\xd4u\x0b`\xa9[I\xa5c\xbf\x9a\xdf\
W\x92\xd4-\x8f\x01\x07\x01\xf7G\x07i\xaa\xba\x0b\x00\
\xc0E\xc0\xf6\xc0v\x01\xef-Ij\xbfE\xc0\xd1\xb8\
\xe7\xff*EL\xc5/\x01\xde\x8c\xf7d$Iy\xfc\
\x19\xe9\x11t\xadB\xd4\xbd\xf8\xc7\x81\x97\x93\x1e\xcd\x90\
$\xa9*\xef\x03\xbe\x12\x1d\xa2\x04\xd1\xcf\xe5\xaf\x0f\x9c\
Mz>S\x92\xa4~-\x01\xfe\x02\xf8\xf7\xe8 \xa5\
\x88^\x8d\xff \xf0\x12R\x09\x90$\xa9\x1f\xcf\x00o\
\xc2\x8b\x7fO\x22\x16\x01.o\x01\xe9|\xe6)\xa4\x1d\
\x03%I\x1a\xad{I\xb7\x94\xcf\x8a\x0eR\x9a&\x14\
\x00\x80\xc5\xc09\xc0\x0d\xa4\xbd\x02\xd6\x88\x8d#I*\
\xc0E\xc0\xcb\x80\x9b\xa2\x83\x94(\xfa\x16\xc0\xf2\xbe\x0b\
\xec\x0a\x5c\x10\x1dD\x92\xd4XO\x01\xef!\xddB\xbe\
'8K\xb1\x9a2\x03\xb0\xac\x87\x81S\x80;\x81}\
\x80\xb5b\xe3H\x92\x1a\xe4\x5c\xe00\xd2\x94\xff\x92\xe0\
,Ekb\x01X\xea\x1a\xe0\xcb#\xff\xf9\x85\xc0\xb8\
\xc0,\x92\xa4X7\x03\x7f\x0e|\x10\x98\x1b\x9c\xa5\x15\
\xa2\x1f\x03\x1c\xadM\x81\xbf!m \xb4Np\x16I\
R}\xae\x02>A\xbaE\xecq\xbe\x15*\xa5\x00,\
\xb5.\xf0\x16\xe0x`\x9b\xe0,\x92\xa4<\x9e&\xed\
\xe4\xf7e\xe0'\xc1YZ\xab\xb4\x02\xb0\xac\x17\x02\xaf\
'\xdd\x0b\xda\x228\x8b$i0O\x93V\xf5\x9f\x0e\
|\x9b\xb4\x1eL\x19\x95\x5c\x00\x96\xb5%p i\xd1\
\xe0.\xc0\xd64{}\x83$u\xdd\xa3\xc0\x95#\xe3\
g#\xe3\xc9\xc0<\x9d\xd3\x96\x02\xb0\xbc\x09\xc0\xb6\xc0\
\xf3\x80\xcd\x80\x8dH\x1b\x0d\x8d\x03&\x05\xe6\x92\xa4.\
Y@:\xfb\xe5\x09`\x1e0\x07\xb8k\xe4\xeb\x1d\xb8\
\x8a_\x92$I\x92$I\x92$I\x92$I\x92$\
I\x92$I\x92$I\x92$I\x92$I\x92$I\
\x92$I\x92$I\x92$I\x92$I\x92$I\x92\
$I\x92$I\x92$I\x92$I\x92$I\x92$\
Ua(:\x80:e\x08\xb8\x0f\x98\x16\x1dD\x9d\xf1\
e\xe0m\xd1!\xa4&\x1a\x8e\x0e\xa0NY\x02\x5c\x1e\
\x1dB\x9drit\x00\xa9\xa9,\x00\xaa\xdbe\xd1\x01\
\xd4)\x16\x00i%,\x00\xaa\xdb\xc5\xd1\x01\xd4\x19\xf7\
\x01\xb7D\x87\x90\x9a\xca\x02\xa0\xba]\x0e\xcc\x8b\x0e\xa1\
N\xf8\x09\xe9\xb6\x93\xa4\x15\xb0\x00\xa8n\x0b\x80\x0b\xa3\
C\xa8\x13\xce\x8b\x0e 5\x99\x05@\x11\xce\x8d\x0e\xa0\
\xd6[\x82\x05@Z%\x0b\x80\x22\x9c\x06,\x8a\x0e\xa1\
V\xfb%pOt\x08\xa9\xc9,\x00\x8ap/\xf0\xf3\
\xe8\x10j\xb5\xd3\xa3\x03HMg\x01P\x94oG\x07\
P\xab}?:\x80\xd4t\xee\x04\xa8(\xeb\x93\xa6h\
\xc7E\x07Q\xeb\x5c\x09\xbc(:\x84\xd4t\xce\x00(\
\xca\x83\xa4\xc7\xb4\xa4\xaa}=:\x80T\x02\x0b\x80\x22\
y\x1b@U[\x08|+:\x84T\x02\x0b\x80\x22\x9d\
\x06<\x1a\x1dB\xadr\x06i\x07@I\xab1&:\
\x80:m>\xe9d\xc0=\xa2\x83\xa85\x8e\x07~\x17\
\x1dB*\x81\x8b\x00\x15ms\xe0V`lt\x10\x15\
\xef\x0a`Vt\x08\xa9\x14\xde\x02P\xb4;I\xb7\x02\
\xa4A}*:\x80T\x12g\x00\xd4\x04\xb3H;\xb7\
I\xfd\xfa=\xb0\x05\xe9\xac\x09I\xa3\xe0\x0c\x80\x9a\xe0\
W\xc0e\xd1!T\xb4O\xe3\xc5_\xea\x89\x8b\x00\xd5\
\x14\x0f\x01GG\x87P\x91\x1e\x06\x8e\x03\x9e\x89\x0e\x22\
\x95\xc4\x19\x005\xc5\xe9\xc0%\xd1!T\xa4\x7f\xc4\xc7\
I\xa5\x9e\xb9\x06@M2\x9bt+\xc0\x7f/5Z\
s\x80m\xf0\xd3\xbf\xd43g\x00\xd4$\xbf\xc0'\x02\
\xd4\x9b\x0f\xe2\xc5_\xea\x8b\x9f\xb4\xd44[\x007\x01\
\xe3\xa3\x83\xa8\xf1\xae&\x1d\xfa\xb38:\x88T\x22\x17\
\x01\xaai\x1e\x066\x04v\x8b\x0e\xa2\xc6{#p{\
t\x08\xa9T\xce\x00\xa8\x89\xa6\x017\x92\x8e\x0c\x96V\
\xe4t\xe0\xf0\xe8\x10R\xc9\x9c\x01P\x13=I\xda\xcf\
\xfd\x88\xe8 j\xa4\xb9\xc0+\x80\xc7\xa3\x83H%\xb3\
\x00\xa8\xa9\xae\x07v\x00\xb6\x8b\x0e\xa2\xc69\x1e7\x8e\
\x92\x06\xe6-\x005\xd94R\x11\xd8 :\x88\x1a\xe3\
L\xe0\xd0\xe8\x10R\x1b8\x03\xa0&{\x12\xb8\x1bx\
Mt\x105\xc2\x5c\xe0\x10\x9c\xfa\x97*a\x01P\xd3\
y+@K9\xf5/I\x1d3\x15\xb8\x0dX\xe2\xe8\
\xec8\x05I\x95r\x0d\x80J\xb1\x13p)0!:\
\x88jw\x0d\xb0'\xf0Tt\x10\xa9M\xbc\x05\xa0R\
\xdcG\xda\xf7\xdd\xf5\x00\xdd2\x178\x10x :\x88\
\xd46\x16\x00\x95\xe4:\xd2\xed\x80\xd9\xd1AT\x8bE\
\xa4\xcd~\xae\x8c\x0e\x22I\x8a7\x16\xb8\x80\xf8{\xd2\
\x8e\xfc\xe3=H\x92\xb4\x8c\x0d\x80\x9b\x89\xbf@9\xf2\
\x8d\x93\x91$i\x056\x05\xee \xfeB\xe5\xa8~\x9c\
F\x9a\xe9\x91$i\x85\xb6\x02\xee%\xfe\x82\xe5\xa8n\
\xfc\x18X\x03I\x92Vc\x07\xd2J\xf1\xe8\x0b\x97c\
\xf0q\x090\x11I\x92Fi6\xf0\x18\xf1\x170G\
\xff\xe3j`\xf2\xf2?XI\x92V\xe7\xc5\xc0\xc3\xc4\
_\xc8\x1c\xbd\x8f\xcbH\x8fwJ\x92\xd4\x97\xed\x81\xbb\
\x88\xbf\xa09F?~\x0c\xac\xb3\xa2\x1f\xa6$I\xbd\
\x98\x0e\x5cK\xfc\x85\xcd\xb1\xfa\xf15`\xdc\x8a\x7f\x8c\
\x92$\xf5n\x0a\xf0s\xe2/p\x8e\x95\x8f\xcf\xe0Y\
$\x92\xa4\x0c&\x00\xa7\x13\x7f\xa1s\xfc\xf1X\x00\xbc\
k\x15?7I\x92\x066\x04\x9c\x00\xcc'\xfe\xc2\xe7\
H\x07:\x1d\xb0\xca\x9f\x98$I\x15\xda\x07\xf8=\xf1\
\x17\xc0.\x8f\xf3\x81\x8dV\xf7\x83\x92$\xa9j\xeb\x03\
\xe7\x10\x7f!\xec\xdaX\x0c|\x1cO\x1e\x95$\x05\x1a\
\x06>D\xba\x0f\x1d}a\xec\xc2\xb8\x07\xa7\xfc%I\
\x0d\xb2#p9\xf1\x17\xc8\xb6\x8e\xc5\xc0)\xc0z\xa3\
\xfd\x81H\x92T\x97a\xe0m\xc0<\xe2/\x98m\x1a\
\xb7\x00\xfb\xf7\xf0s\x90$)\xc4t\xd2\xf1\xb3\xd1\x17\
\xce\xd2\xc7|\xd2\xbd~O\xf2\x93$\x15\xe5\x08\xe0f\
\xe2/\xa4%\x8e\x1f\x00\xdb\xf6\xfe-\x97$\xa9\x19\x86\
\x81#\x81\xdb\x88\xbf\xa8\x960.&\x1d\xc2$IR\
+\x8c'\xad\x0f\xb8\x87\xf8\x8bl\x13\xc7\xe5\xc0+\xfb\
\xfe\xeeJ\x92\xd4p\x13\x81\xf7\x01w\x12\x7f\xd1m\xc2\
\xb8\x10/\xfc\x92\xa4\x0e\x19\x06\x0e\x04\xce$=\xe2\x16\
}!\xaes<Ez\xa4o\xa7\x81\xbf\x8b\x92$\x15\
l+\xd2j\xf7\xb9\xc4_\x9cs\x8e\xdf\x02\xef\x07\xa6\
V\xf3m\x93$\xa9\x1d&\x02\xc7\x00g\x00O\x13\x7f\
\xc1\xaeb\xfc\x01\xf8\x1c\xe9\xec\x04\x8f\xea\x95$i5\
&\x03\xaf\x07\xfe\x07x\x88\xf8\x0by/\xe3f\xe0_\
H\x9b\xf7\xb8_\xbf\xd4!\xb6|\xa9Zc\x81\xd9\xc0\
KH\x8f\xc8\xedI\x9a-h\x8a{H\x8b\xf9.$\
\x9d\xd0wKl\x1cIQ,\x00R^\xe3\x80\x17\x00\
/\x02f\x01;\x03[\x03\x93jx\xef\xbb\x81\xdf\x00\
W\x02\xbf\x02\xae\x00\xe6\xd4\xf0\xbe\x92\x0a`\x01\x90b\
L'\x15\x81\xcd\x80\xcd\x81M\x80\x8d\x81)\xa4\x85w\
S\x805IO \xac;\xf2\xbfYD:\xbb\x00\xe0\
1\xd2\xed\x86\x87I\x0b\x12\xef\x06\xee\x1a\xf9z\x1bi\
\x11\xdf\xd2\xff_Iz\x8e\xff\x05\x881jP\xe1G\
L\xf0\x00\x00\x00\x00IEND\xaeB`\x82\
\x00\x00+X\
\x89\
PNG\x0d\x0a\x1a\x0a\x00\x00\x00\x0dIHDR\x00\
\x00\x02\x00\x00\x00\x02\x00\x08\x06\x00\x00\x00\xf4x\xd4\xfa\
\x00\x00\x00\x04sBIT\x08\x08\x08\x08|\x08d\x88\
\x00\x00\x00\x09pHYs\x00\x00\x0d\xd7\x00\x00\x0d\xd7\
\x01B(\x9bx\x00\x00\x00\x19tEXtSof\
tware\x00www.inksca\
pe.org\x9b\xee<\x1a\x00\x00 \x00ID\
ATx\x9c\xed\xddy\xd8muY\xff\xf1\xf7\xcd<\
\x9aL\xa2((\x83\x80\x85#C\x0aN\xe4\x84\xa9)\
F\xe1<\xa5\xf9K\xb1\xb2LS\xcbfMM\x92\x14\
3M\xc5R\x1c0g\x0dL\x0d\x14Q\x19\x94\x14g\
\x14D\x06-dP\xe6\x03\xe7\xfe\xfd\xb1\xf6\x91\xc3\xe1\
\x9cg\xdc\xfb\xb9\xd7w\xad\xf7\xeb\xba\x9e\xebp\xf9G\
|xN{\xdf\x9fu\xaf)2\x13I\xed\x88\x88]\
\x80\xbd\x80\xbb\x02;\x02\xdb\x00[/\xf0\xcf\xcd\x80k\
\x80\xab\x81\xab\x16\xf0\xe7U\xc0E\xc0\xf7\x80s3\xf3\
\xca\x95\xf8o\x944{a\x01\x90\xfag\x9d!\xbf\xe6\
\xcf\xbb\x02{\xd2\x0d\xf3*\xff\x07\x9c\xcb\xa4\x10\xac\xfd\
\xa7\xe5@j\x8b\x05@*\x16\x11\xfb\x02\x0f\x9c\xfc\xdc\
\x9d\xfa!\xbfT\x97\xd2\x15\x82\xb3\x80\xcf\x01\x9f\xcb\xcc\
\x9f\xd4F\x92\xb4!\x16\x00i\x05E\xc4F\xc0=\x81\
\x07p\xf3\xd0\xdf\xa94\xd4l}\x87I\x19\xa0+\x04\
\x17\x14\xe7\x914a\x01\x90f(\x226\x05\x0e\xe0\xe6\
a\x7f\x08\xf0K\xa5\xa1j\xfd\x90[\x16\x82\xef\x16\xe7\
\x91F\xcb\x02 M\xd9d\xe8?\x12x2\xf0h`\
\xab\xdaD\xbdv!\xf0>\xe0\xdd\x99\xf9\xd5\xea0\xd2\
\x98X\x00\xa4)\x88\x88\x00\xeeO7\xf4\x7f\x0b\xd8\xbe\
6Q\x93\xbe\x05\xbc\x1b8>3\xcf\xab\x0e#\x0d\x9d\
\x05@Z\x86\x88\xf8\x15\xba\xa1\xff$\xe0\xce\xc5q\x86\
\xe44\xba2\xf0\xfe\xcc\xbc\xb4:\x8c4D\x16\x00i\
\x91\x22\xe2N\xc0\x13\xe9\x06\xff=\x8b\xe3\x0c\xdd\x8d\xc0\
Ite\xe0#\x99yMq\x1ei0,\x00\xd2\x02\
E\xc4\x81\xc0\xcb\x80\xc7\x02Q\x1cg\x8c~\x06\xbc\x19\
8\xda\xdb\x0b\xa5\xe5\xb3\x00H\xf3\x88\x88C\xe9\x06\xff\
C\xab\xb3\x08\x80\xeb\x80\xb7\x03\xaf\xc9\xcc\x1fV\x87\x91\
Ze\x01\x90\xd6crQ\xdf\xa3\xe9\x06\xff}\x8b\xe3\
h\xfdn\x04\x8e\x07^\x95\x99\xdf\xae\x0e#\xb5\xc6\x02\
 \xad%\x226\x06~\x1bx)\xddS\xf9\xd4\x7f\x09\
|\x90\xae\x08\x9cU\x1dFj\x85\x05@\x02\x22b3\
\xe0\xe9\xc0\x8b\xe9\x9e\xbd\xaf6\x9d\x04\xbc23?W\
\x1dD\xea;\x0b\x80F/\x22\x8e\x00\x8e\x06v\xad\xce\
\xa2\xa9\xf9,pTf~\xab:\x88\xd4W\x1bU\x07\
\x90\xaaD\xc4^\x11q\x22p\x02\x0e\xff\xa1\xf95\xe0\
\x7f\x22\xe2\xef#\xc2'1J\xeb\xe1\x06@\xa3\x13\x11\
[\xd0\x9d\xe3\x7f\x09\xb0yq\x1c\xcd\xde\x05\xc0\x1fd\
\xe6\x87\xab\x83H}b\x01\xd0\xa8D\xc4#\x817\xd0\
\xbdrW\xe3\xf2\x09\xe0\x05>fX\xeax\x0a@\xa3\
\x10\x11\xbbF\xc4\x7f\x00\x9f\xc4\xe1?V\x8f\x02\xbe\x11\
\x11\x7f\x1e\x11n~4zn\x004h\x937\xf3\xbd\
\x10x\x05\xb0uq\x1c\xf5\xc7\xf7\x80\xe7g\xe6\x7fU\
\x07\x91\xaaX\x004X\x11qO\xbag\xc8\xffJu\
\x16\xf5\xd6{\x80\xdf\xcb\xcc+\xab\x83H+\xcdS\x00\
\x1a\xa4\x88\xf8]\xe0K8\xfc5\xb7'\x02gE\xc4\
\xfe\xd5A\xa4\x95f\x01\xd0\xa0D\xc46\x11q<\xf0\
/\xc0\x16\xd5y\xd4\x84=\x81/D\xc4\xf3\xab\x83H\
+\xc9S\x00\x1a\x8c\x88\xb8\x07\xdd=\xfd{WgQ\
\xb3>\x00<\xdbS\x02\x1a\x037\x00\x1a\x84\x88x6\
\xdd\xca\xdf\xe1\xaf\xe58\x02O\x09h$,\x00jZ\
Dl\x1d\x11\xff\x0e\xbc\x15\xd8\xb2:\x8f\x06\xc1S\x02\
\x1a\x05O\x01\xa8Y\x11\xb1\x1f\xdd\xca\x7f\xdf\xea,\x1a\
,O\x09h\xb0\xdc\x00\xa8I\x11\xf1t\xe0t\x1c\xfe\
\x9a\xad5\xa7\x04\xeeU\x1dD\x9a6\x0b\x80\x9a\x13\x11\
\x7f\x06\x1c\x87+\x7f\xad\x8c=\x81S\x22\xe2\xd0\xea \
\xd24y\x0a@\xcd\x88\x88\x00\x8e\x01^P\x9dE\xa3\
t=\xf0\xa4\xcc\xfc`u\x10i\x1a\xdc\x00\xa8\x09\x93\
G\xfa\x1e\x8f\xc3_u6\x07\xde\x1f\x11\xcf\xa9\x0e\x22\
M\x83\x05@\xbd\x17\x11\xdb\x00\x1f\x07\x9eP\x9dE\xa3\
\xb71\xf0\x96\x88xYu\x10i\xb9<\x05\xa0^\x8b\
\x88\x1d\xe9\xde\xe0w`u\x16i\x1d\xc7\x00/L\xbf\
D\xd5(\x0b\x80z+\x22v\x03>\x05\xecS\x9dE\
\xda\x80w\x03\xcf\xcc\xccU\xd5A\xa4\xc5\xb2\x00\xa8\x97\
\x22\xe2W\x80\x93\x80;Vg\x91\xe6\xf1\x9f\xc0\x11\x99\
yMu\x10i1,\x00\xea\x9d\x888\x98\xee\x9c\xff\
v\xd5Y\xa4\x05\xfa\x22\xf0\xe8\xcc\xbc\xac:\x88\xb4P\
\x16\x00\xf5JD\xdc\x0f\xf84\xb0Uu\x16i\x91\xce\
\x06\x1e\xecS\x03\xd5\x0a\xef\x02PoL\xd6\xfe\x9f\xc0\
\xe1\xaf6\xdd\x0b\xf8HD\xf8\x1aj5\xc1\x02\xa0^\
\x98\x5c\xf0w\x12\xae\xfd\xd5\xb6\x07\x01\xef\x89\x88\x8d\xab\
\x83H\xf3\xb1\x00\xa8\xdc\xe4V\xbfO\xe1\x05\x7f\x1a\x86\
\xc7\x01o\xae\x0e!\xcd\xc7\x02\xa0R\x11\xb15\xdd\xda\
\xdf[\xfd4$\xcf\x8e\x88\xbf\xab\x0e!\xcd\xc5\x02\xa0\
2\x93\xc7\xfb~\x108\xa8:\x8b4\x03/\x8b\x88?\
\xa8\x0e!m\x88w\x01\xa8\xc4\xe4\xc5>\xef\x06\x9eX\
\x9dE\x9a\xa1\x04\x9e\x92\x99\xc7W\x07\x91\xd6\xe5\x06@\
U\x8e\xc1\xe1\xaf\xe1\x0b\xe0\xb8\x88xDu\x10i]\
\x16\x00\xad\xb8\x88x9\xbe\xd5O\xe3\xb1)\xf0\x1f\x11\
\xf1\xab\xd5A\xa4\xb5y\x0a@+*\x22\x9e\x0a\xfc[\
u\x0e\xa9\xc0O\x81\x032\xf3\xfc\xea \x12X\x00\xb4\
\x82&\x0f\xfa9\x1d\x1f\xf4\xa3\xf1:\x138$3o\
\xa8\x0e\x22y\x0a@+br\xbb\xdf\x098\xfc5n\
\x07\x00\xaf\xab\x0e!\x81\x05@+\xe7M\xc0\xdd\xaaC\
H=pTD\x1cQ\x1dB\xf2\x14\x80f.\x22\x9e\
\x05\xbc\xad:\x87\xd4#?\x03\xf6\xcf\xccs\xab\x83h\
\xbc,\x00\x9a\xa9\x88\xd8\x8f\xee\xbc\xff\x96\xd5Y\xa4\x9e\
9\x1b\xb8_f^W\x1dD\xe3\xe4)\x00\xcdLD\
lCw\xde\xdf\xe1/\xdd\xda\xbd\x80\xd7W\x87\xd0x\
Y\x004Ko\x06\xf6\xad\x0e!\xf5\xd8s#\xe2I\
\xd5!4N\x9e\x02\xd0LD\xc4s\x80\xb7T\xe7\x90\
\x1ap\x15p`f~\xbb:\x88\xc6\xc5\x02\xa0\xa9\x8b\
\x88{\x00_\x06\xb6\xa8\xce\x225\xe2\x1c\xe0\xa0\xcc\xbc\
\xb6:\x88\xc6\xc3S\x00\x9a\xaa\x88\xd8\x04x\x17\x0e\x7f\
i1\xf6\x03|}\xb0V\x94\x05@\xd3\xf6\x07\xc0\xdd\
\xabCH\x0dz\xc1d{&\xad\x08O\x01hj\x22\
\xe2\x8e\xc0\xb7\x81m\xaa\xb3H\x8d:\x15x`\xfa\xc5\
\xac\x15\xe0\x06@\xd3\xf4\x8f8\xfc\xa5\xe5\xb8?\xf0\xb4\
\xea\x10\x1a\x077\x00\x9a\x8a\x88x8pRu\x0ei\
\x00\xfe\x0f\xd8;3\xaf\xa8\x0e\xa2as\x03\xa0e\x8b\
\x88\xcd\x817V\xe7\x90\x06b'\xe0\x95\xd5!4|\
\x16\x00M\xc3K\x80\xbbV\x87\x90\x06\xe4\xb9\x11\xb1\x7f\
u\x08\x0d\x9b\xa7\x00\xb4,\x11\xb1\x07\xf0\x0d\xbc\xedO\
\x9a\xb6\xd3\xe9\xde\x15\xb0\xba:\x88\x86\xc9\x0d\x80\x96\xeb\
\x0d8\xfc\xa5Y8\x08xNu\x08\x0d\x97\x1b\x00-\
YD\x1c\x0e|\xb0:\x874`\x97\x01\xfbd\xe6\xa5\
\xd5A4<n\x00\xb4$\x11\xb1)ptu\x0ei\
\xe0\xb6\x07\xfe\xaa:\x84\x86\xc9\x02\xa0\xa5z2p\x97\
\xea\x10\xd2\x08\xfcND\xdc\xbe:\x84\x86\xc7\x02\xa0E\
\x8b\x88\x8d\x80?\xad\xce!\x8d\xc4\xe6\xc0\x1fU\x87\xd0\
\xf0x\x0d\x80\x16-\x22\x8e\x00N\xa8\xce!\x8d\xc8U\
\xc0n\x99yyu\x10\x0d\x87\x1b\x00-\xc5\xcb\xaa\x03\
H#\xb3\x0d\xf0\x82\xea\x10\x1a\x167\x00Z\x94\x888\
\x0c\xf8\xcf\xea\x1c\xd2\x08]F\xb7\x05\xb8\xba:\x88\x86\
\xc1\x0d\x80\x16\xcb\xa3\x7f\xa9\xc6\xf6\xc0s\xabCh8\
\xdc\x00h\xc1\x22\xe2\xfe\xc0\xe7\xabsH#v1\xb0\
Gf^_\x1dD\xeds\x03\xa0\xc5\xf0\xe8_\xaa\xb5\
\x0b\xf0\xf4\xea\x10\x1a\x067\x00Z\x90\x88\xb87\xf0\x95\
\xea\x1c\x92\xf8\x01\xdd\xeb\x82o\xaa\x0e\xa2\xb6\xb9\x01\xd0\
B\xbd\xb4:\x80$\x00\xf6\x00\x8e\xac\x0e\xa1\xf6\xb9\x01\
\xd0\xbc&O!\xbb\x10\xd8\xb8:\x8b$\x00N\xcb\xcc\
C\xaaC\xa8mn\x00\xb4\x10G\xe2\xf0\x97\xfa\xe4\xe0\
\x88\xd8\xbd:\x84\xdaf\x01\xd0B<\xa9:\x80\xa4[\
\xf1s\xa9e\xf1\x14\x80\xe6\x14\x11{\x01\xdf\xab\xce!\
\xe9V\xbe\x95\x99\xbf\x5c\x1dB\xedr\x03\xa0\xf9x\x94\
!\xf5\xd3\xdd&w\xe7HKb\x01\xd0|,\x00R\
\x7f=\xb9:\x80\xda\xe5)\x00mPD\xec\x0f\x9cY\
\x9dC\xd2\x06]\x0c\xec\x9a\x99\xab\xab\x83\xa8=n\x00\
4\x17\x8f\xfe\xa5~\xdb\x058\xb4:\x84\xdad\x01\xd0\
zE\xc4F\xc0\x13\xaasH\x9a\x97\xa7\x01\xb4$\x16\
\x00m\xc8\x83\xe9\x8e.$\xf5\xdb\xe3#b\x8b\xea\x10\
j\x8f\x05@\x1b\xe2\xfa_j\xc3/\x01\x8f\xae\x0e\xa1\
\xf6X\x00t+\x11\x11\xc0c\xabsHZ\xb0\xc3\xab\
\x03\xa8=\x16\x00\xad\xcf\xaf\x00;V\x87\x90\xb4`\x0f\
\xaa\x0e\xa0\xf6X\x00\xb4>\x0f\xac\x0e iQ\xee\x18\
\x11{T\x87P[,\x00Z\x1f\x8f&\xa4\xf6\xf8\xb9\
\xd5\xa2X\x00\xb4>n\x00\xa4\xf6X\x00\xb4(\x16\x00\
\xddBD\xec\x0d\xdc\xbe:\x87\xa4E\xb3\xb8kQ,\
\x00Z\x97G\x11R\x9bv\x8f\x88]\xabC\xa8\x1d\x16\
\x00\xad\xcb\xa3\x08\xa9]~~\xb5`\x16\x00\xad\xcb\x0d\
\x80\xd4.?\xbfZ0\x0b\x80~!\x22v\x07\x5c!\
J\xed\xb2\x00h\xc1,\x00Z\x9b\xebC\xa9m{G\
\x84\x17\xf1jA,\x00Z\x9b\x05@j\xdf\x03\xaa\x03\
\xa8\x0d\x16\x00\xad\xed\xee\xd5\x01$-\xdb~\xd5\x01\xd4\
\x06\x0b\x80\xd6\xb6Wu\x00I\xcb\xe6\xe7X\x0bb\x01\
\x10\x00\x11\xb1\x03\xb0]u\x0eI\xcbf\x01\xd0\x82X\
\x00\xb4\x86_\x1a\xd20\xf8Y\xd6\x82X\x00\xb4\xc6]\
\xab\x03H\x9a\x8a\xed#\xc2m\x9e\xe6e\x01\xd0\x1a\x16\
\x00i8\xdc\x02h^\x16\x00\xad\xe1\x17\x864\x1c~\
\x9e5/\x0b\x80\xd6p\x03 \x0d\x87\x05@\xf3\xb2\x00\
h\x0d\xbf0\xa4\xe1\xf0\xf3\xacyY\x00\xe4-\x80\xd2\
\xf0\xecY\x1d@\xfdg\x01\x10x\xb4 \x0d\x8d\x9fi\
\xcd\xcb\x02 \xf0\xfc\xbf44;G\xc46\xd5!\xd4\
o\x16\x00\x01\xecP\x1d@\xd2\xd4\xedX\x1d@\xfdf\
\x01\x10\x80G\x0a\xd2\xf0\xf8\xb9\xd6\x9c,\x00\x02\xd8\xba\
:\x80\xa4\xa9\xb3\x00hN\x16\x00\x81_\x14\xd2\x10\xf9\
\xb9\xd6\x9c,\x00\x02\xbf(\xa4!\xda\xb6:\x80\xfa\xcd\
\x02 \xf0\x14\x804D\x16{\xcd\xc9\x02 \xf0\x8bB\
\x1a\x22?\xd7\x9a\x93\x05@\xe0\x06@\x1a\x22\x0b\x80\xe6\
d\x01\x10\xf8E!\x0d\x91\x9fk\xcd\xc9\x02 p\x03\
 \x0d\x91\x05@s\xb2\x00\x08\xfc\xa2\x90\x86\xc8\xcf\xb5\
\xe6d\x01\x10\xb8\x01\x90\x86\xc8\xdb\x005'\x0b\x80\x00\
6\xab\x0e i\xea\xfc\x5ckN\x16\x00\x01\x5cS\x1d\
@\xd2\xd4]]\x1d@\xfdf\x01\x10\xc0U\xd5\x01$\
M\x9d\x9fk\xcd\xc9\x02 \xf0HA\x1a\x22\x0b\x80\xe6\
d\x01\x10\xf8E!\x0d\x91\x9fk\xcd\xc9\x02 p\x03\
 \x0d\xd1\xcf\xab\x03\xa8\xdf,\x00\x02\x8f\x14\xa4!\xf2\
s\xad9Y\x00\x04n\x00\xa4!\xb2\x00hN\x16\x00\
\x81_\x14\xd2\x10\xf9\xb9\xd6\x9c,\x00\x027\x00\xd2\x10\
Y\x004'\x0b\x80\xc0/\x0ai\x88\xfc\x5ckN\x16\
\x00\x81\x1b\x00i\x88\xbc\x0b@s\xb2\x00\x08<R\x90\
\x86\xc8\xcf\xb5\xe6d\x01\x10\xc0\x8f\xaa\x03H\x9a\xaa\x1b\
\x81\x9fT\x87P\xbfY\x00\x04pnu\x00ISu\
~f\xdeX\x1dB\xfdf\x01\x10\xc0\x0f\x80\xd5\xd5!\
$M\x8d\xa5^\xf3\xb2\x00\x88\xcc\xbc\x0e\xb8\xb0:\x87\
\xa4\xa9\xb1\x00h^\x16\x00\xad\xe1\x17\x864\x1c\xdf\xaf\
\x0e\xa0\xfe\xb3\x00h\x8d\xefU\x07\x9045\x16z\xcd\
\xcb\x02\xa05\xfc\xc2\x90\x86\xc3\xcf\xb3\xe6e\x01\xd0\x1a\
n\x00\xa4aX\x0d\x9cW\x1dB\xfdg\x01\xd0\x1a\x1e\
1H\xc3\xf0\xa3\xcc\xbc\xbe:\x84\xfa\xcf\x02\xa05\xbe\
\x0fdu\x08I\xcb\xe6\x05\x80Z\x10\x0b\x80\x00o\x05\
\x94\x06\xc4m\x9e\x16\xc4\x02\xa0\xb5y\x1d\x80\xd4>\x0b\
\x80\x16\xc4\x02\xa0\xb5\x9dQ\x1d@\xd2\xb2\xf99\xd6\x82\
X\x00\xb4\xb6S\xaa\x03HZ\x96\x1b\x80/U\x87P\
\x1b,\x00Z\xdb\x17\x80\x9b\xaaCHZ\xb2\xd3'\xd7\
\xf3H\xf3\xb2\x00\xe8\x172\xf3g\xc0\xd9\xd59$-\
\x99[<-\x98\x05@\xeb\xf2\x0bDj\x97\x9f_-\
\x98\x05@\xeb\xf2\x0bDj\xd3\x8d\xc0i\xd5!\xd4\x0e\
\x0b\x80\xd6\xf5y| \x90\xd4\xa233\xf3\xea\xea\x10\
j\x87\x05@\xb7\x90\x99\x97\x03_\xaf\xce!i\xd1>\
W\x1d@m\xb1\x00h}<\x0d \xb5\xc7\xcf\xad\x16\
\xc5\x02\xa0\xf5\xf1\x8bDj\xcbM\xc0\xa9\xd5!\xd4\x16\
\x0b\x80\xd6\xc7U\xa2\xd4\x96\xb3'\xb7\xf1J\x0bf\x01\
\xd0\xadd\xe6\xff\xe1u\x00RK>[\x1d@\xed\xb1\
\x00hC\xde[\x1d@\xd2\x82\xf9y\xd5\xa2E\xa6w\
|\xe9\xd6\x22bw\xe0\x07\xd59$\xcd\xeb[\x99\xf9\
\xcb\xd5!\xd4\x1e7\x00Z\xaf\xcc<\x0f\xf8bu\x0e\
I\xf3zwu\x00\xb5\xc9\x02\xa0\xb9\xf8\xc5\x22\xf5\xdf\
\xf1\xd5\x01\xd4&O\x01h\x83\x22b'\xe0b`\x93\
\xea,\x92\xd6\xeb\xb4\xcc<\xa4:\x84\xda\xe4\x06@\x1b\
4\xb9\x1b\xe0\xd3\xd59$m\x90[:-\x99\x05@\
\xf3\xf1\x0bF\xea\xa7\x1b\x81\xf7W\x87P\xbb,\x00\x9a\
\xcf\x87\x81k\xaaCH\xba\x95\x932\xf3\xd2\xea\x10j\
\x97\x05@s\xca\xcc\xab\x80\x8fV\xe7\x90t+n\xe7\
\xb4,\x16\x00-\x84W\x19K\xfdr\x15\xf0\x91\xea\x10\
j\x9b\x05@\x0bq\x22\xe0\xaaQ\xea\x8f\x0ff\xa6\xa7\
\xe6\xb4,\x16\x00\xcd+3W\x01\xffT\x9dC\x12\x00\
\x09\xbc\xae:\x84\xda\xe7s\x00\xb4 \x11q[\xe0\x02\
`\xdb\xea,\xd2\xc8}<3\x1fS\x1dB\xeds\x03\
\xa0\x05\xc9\xcc+\x80\x7f\xae\xce!\x89WV\x07\xd00\
\xb8\x01\xd0\x82E\xc4\xce\xc0\xf9\xc0\x16\xc5Q\xa4\xb1:\
93\x0f\xad\x0e\xa1ap\x03\xa0\x05\xcb\xcc\x9f\x00o\
\xaf\xce!\x8d\x98G\xff\x9a\x1a7\x00Z\x94\x88\xb83\
p.\xbe\x1f@Zigd\xe6A\xd5!4\x1cn\
\x00\xb4(\x99\xf9C|.\x80T\xe1U\xd5\x014,\
n\x00\xb4h\x11q7\xe0\x1b@Tg\x91F\xe2\x9b\
\xc0~\xe9\x17\xb6\xa6\xc8\x0d\x80\x16-3\xbf\x05|\xa8\
:\x874\x22\x7f\xef\xf0\xd7\xb4\xb9\x01\xd0\x92D\xc4\xfe\
\xc0\x99\xd59\xa4\x118\x0f\xd8;3o\xac\x0e\xa2a\
q\x03\xa0%\xc9\xcc\xb3\xf0%A\xd2J\xf8\x1b\x87\xbf\
f\xc1\x0d\x80\x96,\x22\xeeBwnr\xcb\xda$\xd2\
`}\x118\xc4\xf5\xbff\xc1\x0d\x80\x96,3\xcf\x07\
\xfe\xae:\x874P7\x01\xcfs\xf8kV,\x00Z\
\xae\xd7\x02\xdf\xa9\x0e!\x0d\xd0\xb1\x99yvu\x08\x0d\
\x97\xa7\x00\xb4l\x11\xf1\x10\xe0\xd3\xd59\xa4\x01\xf91\
\xb0of^Y\x1dD\xc3\xe5\x06@\xcb\x96\x99\x9f\x01\
\xde[\x9dC\x1a\x90\x179\xfc5kn\x004\x15\x11\
q\x07\xbaS\x01\xbe.XZ\x9eS2\xf3\xc1\xd5!\
4|n\x004\x15\x99y\x09\xf0\x8a\xea\x1cR\xe3V\
\x01\xcf\xab\x0e\xa1q\xb0\x00h\x9a\xde\x00\xfcOu\x08\
\xa9a\xaf\xcf\xccoV\x87\xd08x\x0a@S\x15\x11\
\x07\x03\xa7\xe2{\x02\xa4\xc5\xba\x10\xb8[f^U\x1d\
D\xe3\xe0\x06@S\x95\x99\xa7\x01o\xa9\xce!5\xe8\
\x05\x0e\x7f\xad$7\x00\x9a\xba\x88\xd8\x0a\xf82\xb0_\
u\x16\xa9\x11\xc7f\xe6Q\xd5!4.\x16\x00\xcd\xc4\
\xe4\x95\xc1g\x00[Wg\x91z\xee,\xe0\xe0\xcc\xbc\
\xa1:\x88\xc6\xc5S\x00\x9a\x89\xc9+\x83\xbd\x9aY\x9a\
\xdb\x15\xc0o9\xfcU\xc1\x02\xa0\x99\xc9\xcc\x7f\x03\xde\
Q\x9dC\xea\xb1gf\xe6y\xd5!4N\x9e\x02\xd0\
Ly=\x80\xb4A\xff\x98\x99\x7fT\x1dB\xe3e\x01\
\xd0\xccy=\x80t+_\x02\x1e\x98\x99\xab\xaa\x83h\
\xbc<\x05\xa0\x99\xf3z\x00\xe9\x16.\x03\x8et\xf8\xab\
\x9a\x05@+\xc2\xeb\x01$\x00\x12xZf^P\x1d\
D\xb2\x00h%\x1d\x05\x9cS\x1dB*\xf4\xda\xcc\xfc\
Du\x08\x09\xbc\x06@+,\x22\xf6\x06N\x03v\xa8\
\xce\x22\xad\xb0\x93\x80Gg\xe6\x8d\xd5A$p\x03\xa0\
\x15\x96\x99\xdf\x05~\x1d\xb8\xba:\x8b\xb4\x82N\x07~\
\xd3\xe1\xaf>\xb1\x00h\xc5e\xe6\xe9\xc0\xe3\xe9^}\
*\x0d\xddw\x80Ge\xa6\xa5W\xbdb\x01P\x89\xcc\
\xfc\x14\xf0T`uu\x16i\x86.\x02\x1e\x91\x99\x97\
V\x07\x91\xd6e\x01P\x99\xcc|\x1f\xf0\xfb\xd59\xa4\
\x19\xb9\x1c8,3\x7fX\x1dDZ\x1f\x0b\x80Je\
\xe6\xb1\xc0_W\xe7\x90\xa6\xecZ\xe01\x99\xe9]/\
\xea-\xef\x02P/D\xc4\x9b\x80\xdf\xab\xce!M\xc1\
M\xc0\xe1\x99\xf9\xb1\xea \xd2\x5c\xdc\x00\xa8/\x8e\x02\
N\xa8\x0e!M\xc1\xef:\xfc\xd5\x02\x0b\x80z!3\
W\x03O\x01>]\x9dEZ\x86\x97f\xe6\xdb\xabC\
H\x0b\xe1)\x00\xf5JDlC\xf7\xc0\x94\x83\xab\xb3\
H\x8b\xf4\x9a\xcc|Iu\x08i\xa1\xdc\x00\xa8W2\
\xf3*\xe0a\xc0'\xab\xb3H\x8b\xf0R\x87\xbfZ\xe3\
\x06@\xbd\x14\x11\x9b\x00o\xa7{V\x80\xd4W7\xd1\
\x9d\xf3w\xed\xaf\xe6\xb8\x01P/M\x1e\x99\xfat\xe0\
u\xd5Y\xa4\x0d\xb8\x0ex\xbc\xc3_\xadr\x03\xa0\xde\
\x8b\x88\x17\x03\xaf\xae\xce!\xad\xe5\x0a\xe072\xf3\xf3\
\xd5A\xa4\xa5\xb2\x00\xa8\x09\x11\xf1\x0c\xe0\xad\xc0&\xc5\
Q\xa4K\xe8\x9e\xf0\xf7\xb5\xea \xd2rX\x00\xd4\x8c\
\x88x\x0c\xf0>`\xcb\xea,\x1a\xad\xef\xd1=\xdb\xff\
\xbc\xea \xd2rY\x00\xd4\x94\x88\xb8?\xf01\xe0\xb6\
\xd5Y4:_\x01\x1e\x99\x99\xff[\x1dD\x9a\x06/\
\x02TS2\xf3T\xe0\x81\xc0\xc5\xd5Y4*\x9f\x05\
\x1e\xec\xf0\xd7\x90X\x00\xd4\x9c\xcc\xfc:p\x00pr\
q\x14\x0d_\xd2\xdd\x89rXf\xfe\xbc:\x8c4M\
\x16\x005)3/\x01\x1e\x0a\xfc-\xb0\xba8\x8e\x86\
\xe92\xe0\xb1\x99\xf9\xa2\xcc\x5cU\x1dF\x9a6\xaf\x01\
P\xf3\x22\xe2\xe1\xc0\xbb\x80\x9d\xaa\xb3h0\xbe\x08<\
!3/\xa8\x0e\x22\xcd\x8a\x1b\x005/3?\x05\xdc\
\x0b\xf8\x5cu\x165o\xcd\xca\xffA\x0e\x7f\x0d\x9d\x05\
@\x83\x90\x99\x17\x03\xbf\x06\xbc\x92\xeeK\x5cZ,W\
\xfe\x1a\x15O\x01hp\x22\xe20\xe0\xdf\x81\x1d\xab\xb3\
\xa8\x19\xae\xfc5:n\x0048\x99y\x22\xdd)\x81\
S\xab\xb3\xa8\xf7\x5c\xf9k\xb4,\x00\x1a\xa4\xcc\xbc\x08\
8\x14x9pmq\x1c\xf5\xd3\x0f\xe8\x1e\xec\xe3\xca\
_\xa3\xe4)\x00\x0d^D\xdc\x05\xf8'\xe01\xb5I\
\xd4\x13\xd7\xd3\xbd\x5c\xeaU\x99y]u\x18\xa9\x8a\x05\
@\xa31y\x97\xc0?\x01w)\x8e\xa2:'\x01G\
e\xe6\xb9\xd5A\xa4j\x9e\x02\xd0hd\xe6\xc7\x80_\
\xa6\xbbS\xe0\x86\xe28ZY\x17\x02\xbf\x95\x99\x879\
\xfc\xa5\x8e\x1b\x00\x8dRD\xec\x03\x1c\x0b<\xa4:\x8b\
f\xeaF\xe0\x18\xe0/3\xf3\xaa\xea0R\x9fX\x00\
4j\x11\xf1\x04\xe0h\xe0\x0e\xd5Y4u\x9f\x07\x9e\
\x97\x99\xe7T\x07\x91\xfa\xc8S\x00\x1a\xb5\xcc|/\xb0\
/\xf0\x1a\xc0#\xc4a8\x17x\x1a\xdd\xad}\x0e\x7f\
i\x03\xdc\x00H\x13\x11\xb1\x1d\xf0\xfb\x93\x9f\xed\x8b\xe3\
h\xf1\xbe\x06\xbc\x0a8!3o\xaa\x0e#\xf5\x9d\x05\
@ZGDl\x0d\xfc?\xe0\x8f\x80]\x8a\xe3h~\
_\xa4\xbb\xb0\xf3\x13\xe9\x17\x9a\xb4`\x16\x00i\x03\x22\
bs\xe0\x19\xc0\x8b\x81=j\xd3h=>\x0d\xbc2\
3\xff\xbb:\x88\xd4\x22\x0b\x804\x8f\x88\xd8\x18x\x02\
\xf0\xa7\xc0~\xc5q\xc6.\x81\x8f\xd0\x0d\xfe3\xaa\xc3\
H-\xb3\x00H\x0b\x14\x11\x01\xfc\x06\xf0|\xba7\x0f\
n\x5c\x9bhT~\x06\x9c\x00\x1c\x9d\x99\xdf\xac\x0e#\
\x0d\x81\x05@Z\x82\x88\xb8=\xddV\xe0\xc9\xc0\x01\xc5\
q\x86\xea\x06\xe0\x93\xc0\xbb\x81\x8f\xfb\xd8^i\xba,\
\x00\xd22M\x1e*\xf4d\xe0I\xc0\x9e\xc5qZ\x97\
\xc0\xe7\xe8\x86\xfe\x072\xf3\xf2\xe2<\xd2`Y\x00\xa4\
)\x8a\x88\xfb\xd2\x95\x81#\x81\x9d\x8a\xe3\xb4\xe4kt\
C\xff=\x99\xf9\xa3\xea0\xd2\x18X\x00\xa4\x19\x88\x88\
M\x80\x87\x01\x87\x03\x0f\x02\xf6\xaeM\xd4;\xab\x803\
\x81\xcf\x02\xef\xf5\x81=\xd2\xca\xb3\x00H+ \x22v\
\x06\x1e\xb8\xd6\xcf~\x8c\xebI\x9c\xd7\x03_\xa6[\xef\
\x9f\x02\x9c\x96\x99\xd7\xd4F\x92\xc6\xcd\x02 \x15\x98<\
u\xf0\x10n.\x04\xfb\x03\x9b\x94\x86\x9a\xaek\x80/\
\xd1\x0d\xfbS\x80/{\x11\x9f\xd4/\x16\x00\xa9\x07&\
O\x1f\xbc\x1fpw`/\xe0\xae\x93?w\xa3\xdf\xb7\
\x1b\xae\x02\xce\x03\xbeO\xf7\x0c\xfes\xe9V\xfbgd\
\xe6\xaa\xca`\x92\xe6f\x01\x90z,\x226\x03v\xe7\
\x96\xa5`\xcd\x9fwfe\xca\xc1\xb5\xc0\x0f\xe8\x86\xfb\
\xda\x83\xfe\x5c\xe0\x02\x9f\xbb/\xb5\xc9\x02 5*\x22\
6\xa5{i\xd1\xd6\xc06\xeb\xf9s}\xff\xdbft\
\xeb\xf9\xab\xe9\xde~8\xdf\x9fW\x01\x97\xf9\x8c}i\
x,\x00Z\xb2\x88\xd8\x91\xee\xe8t\x07n9h\xd6\
7\x90\xb6\x00\xfe\x0f\xb8\x10\xf8\x11\xdd\xda\xf8K\x99y\
\xe3\xca'\x97\xeaM\x9e,y\x1f\xba;D\xee\x04\xec\
\x0a\xdc\x9e\xee\xb4\xca\x9a\x12\xb6\xa1bv%\xddg\xe8\
\xc7\x963-\x95\x05@\x1b4y\x19\xce\xee\x93\x9f=\
\xd6\xf9\xd9\x1d\xd8v\x99\xff\x8a\x9f\x02\x1f\x02>\x00|\
\xc62\xa0\xa1\x9b\x0c\xfd\x83\x81#\x80\xdf\xa4\x1b\xfa\xcb\
q-p>\xdd)\x9au\x7f\xce\xcb\xcc\xab\x97\xf9\x7f\
_\x03f\x01\xd0/D\xc4ntW\xa6\xaf\xf9\xb9\x07\
+w\xab\xdae\xc0\x9b\xe8\x9e\xf5\xee\xd3\xdf4(\x11\
\xb1%\xf0{t\xaf\x98\xbe\xe3\x0a\xfdk\x13\xf8\x0e\xf0\
\x85\xc9\xcf\xa9\x99\xf9\xbd\x15\xfaw\xab\x01\x16\x80\x91\x9a\
\xbc\xe1\xee\x1e\xc0\xfd\xb9y\xe0\xdf\xa94T\xe7g\xc0\
1tE\xe0\x8a\xea0\xd2rD\xc4\x16\xc0s\xe9\xde\
$y\xfb\xe28\xd0\x9d\x86\xfb\xc2Z?ge\xe6\x0d\
\xb5\x91T\xc5\x020\x22\x93\x95\xfeat\x8f\xa9}4\
\xcb_\xe1\xcf\xd2\x95\xc0\xeb\xe9\x8a\xc0\xcf\xaa\xc3H\x8b\
1\xb9@\xf3\xb9\xc0K\x81]\x8a\xe3\xcc\xe5:\xe0\xbf\
\x80\xf7\x03\x1f\xf5\xb36.\x16\x80\x81\x9b|\x11=\x94\
\xee\xcdu\x8f\x05~\xa96\xd1\xa2]\x02\xbc03\xdf\
W\x1dDZ\x88\x88x0\xdd\xe9\xac\xbb\x15GY\xac\
\xeb\x81\x13\xe9\xca\xc0\xc72\xf3\xe7\xc5y4c\x16\x80\
\x01\x9a\xac\xf7\x0f\xa5;\xd2\x7f<\xdd\xadb\xad\xfb\x14\
\xf0\xfc\xcc<\xb7:\x88\xb4>\x11q;\xe0u\xc0S\
\xaa\xb3L\xc1u\xc0\x7f\xd2\x95\x81\x8fg\xe6U\xc5y\
4\x03\x16\x80\x01\x99<^\xf6\xb9\xc0Q\xac\xdc\x85F\
+\xe9:\xe0U\xc0\xab3\xf3\xfa\xea0\x12@Dl\
D\xf7\xb9{%p\xdb\xe28\xb3p\x15\xf06\xe0\x98\
\xcc<\xaf:\x8c\xa6\xc7\x020\x00\x11\xb1\x17\xf0\x87\xc0\
3\xe8\xee\xb9\x1f\xba\xef\x02\xcf\xcb\xcc\xcfT\x07\xd1\xb8\
E\xc4}\x807\x03\x07VgY\x017\xd1\xdd\xb6\xfb\
\xba\xcc\xfcRu\x18-\x9f\x05\xa0a\x11\xf1 \xe0\x85\
\xc0c\x18\xd7\x9b\xe5\xd68\x0e\xf8\xe3\xcc\xbc\xac:\x88\
\xc6er[\xdf_\xd1\xdd\xd6\xd7\xe7w5\xcc\xcai\
\xc0\xd1\xc0\x872suu\x18-\x8d\x05\xa01\x93\x07\
\x89\x1c\x09\xfc\x09\xddS\xc4\xc6\xee'\xc0\x0b2\xf3\x84\
\xea \x1a\x87\x888\x14x+\xb0gu\x96\x1e\xf8\x01\
\xf0\x8f\xc0[\xbc\x9d\xb0=\x16\x80\x86D\xc4!t\x1f\
\xb61\xac\x1b\x17\xeb#t\x17\x09^T\x1dD\xc3\x14\
\x11\xb7\x05^\x0b<\xbb:K\x0f\x9d\x0b\xbc83?\
T\x1dD\x0bg\x01h@D\xdc\x05x5\xf0\xdb\xb5\
Iz\xefJ\xe0%tG#\xfe?\xb6\xa6&\x22\x1e\
Gwk\xdf\x1d\xaa\xb3\xf4\xdc)t\xb7\xed~\xb5:\
\x88\xe6g\x01\xe8\xb1\x88\xd8\x16x\x19\xddy\xfe\xcd\x8b\
\xe3\xb4\xe4\x14\xe09>\xf6T\xcb\x15\x11\xb7\x07\xde@\
\xf7\xec~-\xccj\xe0\x9d\xc0\xcb3\xf3\x92\xea0\xda\
0\x0b@\x0fMn+z6\xf07\xc0\xed\x8a\xe3\xb4\
\xea:\xba\x8b\xb4\xfe\xc1\x97\x0ci)\x22\xe2\x99t\xf7\
\xf5oW\x9d\xa5QW\x03\x7fOw\xd7\xc0\xb5\xd5a\
tk\x16\x80\x9e\x89\x88\xdd\x81\x7f\xa7{6\xbf\x96\xef\
l\xe0w2\xf3+\xd5A\xd4\x86\xc9g\xf0-tO\
\xd0\xd4\xf2}\x17xJf\x9eQ\x1dD\xb74\xc6[\
\xc7zkr\xc4\xf1?8\xfc\xa7\xe9^\xc0\xe9\x11\xf1\
\xea\xc9\xad[\xd2zE\xc4F\x11\xf1B\xe0\x1c\x1c\xfe\
\xd3\xb47pZD\xfc\xf9\xe4)\xa5\xea\x097\x00=\
\x10\x11;\xd2\x1dq\x1c^\x9de\xe0\xce\xa5\xbb6\xe0\
\xe4\xea \xea\x97\x88\xb8;\xf0\xaf\xc0A\xd5Y\x06\xee\
K\xc0S}\xa4w?\xb8\x01(\x16\x11\xbf\x0e|\x1d\
\x87\xffJ\xd8\x0b\xf8lD\xbc%\x22Z{)\x92f\
 \x226\x8b\x88\xbf\x06\xce\xc2\xe1\xbf\x12\xee\x0b\x9c\x1d\
\x11\xcf\xa9\x0e\x227\x00e&\xef\x09?\x1a\xf8\xbd\xea\
,#u1\xdds\x03>\x5c\x1dD5\x22\xe2`\xba\
\xa3\xfe\xd6\xde\xda7\x14\x1f\x03\x9e\x95\x99\x97V\x07\x19\
+\x0b@\x81\x88\xd8\x09\xf8(]\x1bV\xad\x0f\xd0=\
I\xf0\xc7\xd5A\xb42\x22b\x1b\xba\x17\xf7<\x1f\xb7\
\xa0\xd5~\x00<*3\xbf]\x1dd\x8c,\x00+,\
\x22\xf6\x05>\x09\xec^\x9dE\xbfp9\xf0\xa2\xcc|\
{u\x10\xcdVD\x1c\x06\xfc\x0b\xb0[u\x16\xfd\xc2\
\xe5\xc0\xe3\xbd6g\xe5\xd9~W\xd0\xe4\x19\xe2\xa7\xe1\
\xf0\xef\x9b\xed\x80\xb7E\xc4g#b\xbf\xea0\x9a\xbe\
\x88\xb8SD\x1cO\xf7\x8e{\x87\x7f\xbfl\x07\x9c\x14\
\x11O\xab\x0e26\x16\x80\x15\x12\x11O\x07N\xc2\x87\
\x8a\xf4\xd9\xa1t\x17(\x1d\x1b\x11;T\x87\xd1\xf2E\
\xc4\x96\x11\xf1\x0a\xe0;\xc0\x13\xab\xf3h\x836\x03\xde\
\x19\x11\x7fU\x1ddL<\x05\xb0\x02&W\x19\xffy\
u\x0e-\xca\xe5\xc0_\x00\xff\xec\x93\x04\xdb\x14\x11\xbf\
M\xf7\xf2\x1e\x8f\xf8\xdb\xf2.\xba\x87w\xf9v\xc1\x19\
\xb3\x00\xcc\xd0\xe4\xd5\xbdo\xc1\xb7\x87\xb5\xec\x9bt\xe5\
\xedC\xbe`\xa8\x0d\x11\xf1 \xba\xc7h?\xa0:\x8b\
\x96\xec\xd3\xc0c2\xf3\xba\xea Cf\x01\x98\xa1\x88\
x#\xdd\x95\xc6j\xdf\xb7\xe8\x9ek~\xbc\x1b\x81~\
\x8a\x88G\xd1\xbd<\xeb\xe0\xea,\x9a\x8aO\x02\x87\xbb\
\x09\x98\x1d\x0b\xc0\x8cD\xc4?\x00\x7f\x5c\x9dCSw\
>\xf0\x1a\xe0\x1d\x1e\x9d\xd4\x9b\xbc8\xeb\x08\xe0\xa5t\
\x8f}\xd6\xb0|\x108\xd2\xd2=\x1b\x16\x80\x19\x88\x88\
\xbf\x05^^\x9dC3\xf5c\xba\xd7\xc4\xbe33/\
\xaa\x0e36\x11\xb1\x1d\xddE}\x7f@\xf7\xacy\x0d\
\xd7\xf1t\x8f\x0f^]\x1ddh,\x00S\x16\x11\x7f\
Fw\xfeQ\xe3\xb0\x1a\xf8/\xe0\x1d\xc0G\xdc\x0a\xcc\
\xce\xe4E2\x0f\x03\x9e\x09<\x16\xd8\xbc6\x91V\xd0\
\xdb\xe8\xde\xe3\xe1\xc0\x9a\x22\x0b\xc0\x14E\xc4\x8b\xe8\xae\
:\xd68]\x01\xbc\x078.3O\xaf\x0e3\x14\x11\
\xb1\x0f\xf0\x0c\xe0i\xc0.\xb5iT\xe8\xd8\xcc<\xaa\
:\xc4\x90X\x00\xa6$\x22\x9eH\xb7\xaa\x92\xa0\xbb{\
\xe08\xe0]\x99yIq\x96\xe6L^\xd6t$\xdd\
\xd1\xbe\x8f\xcc\xd6\x1a/\xcd\xcc\xbf\xaf\x0e1\x14\x16\x80\
)\x88\x88\x03\x81S\x00\xdf7\xafu\xdd\x04\x9cHW\
\x06>\xea\x15\xcd\x1b6\xb9\xa0\xef!tG\xfb\x87\xe3\
\xe7I\xb7\xb6\x9a\xee\xce\x80\x8fV\x07\x19\x02\x0b\xc02\
E\xc4.\xc0\x19\xb8\x9a\xd4\xfc.\xa3\xdb\x12\x1d\x97\x99\
gU\x87\xe9\x8b\x88\xb8+\xf0t\xba\x15\xff\xae\xc5q\
\xd4\x7fW\x01\xf7\xcb\xccs\xaa\x83\xb4\xce\x02\xb0\x0c\x93\
W\xfa~\x0e8\xb0:\x8b\x9a\xf3M\xe0\x13t\xdb\x81\
S\xc7\xb4\x19\x98\x1c\xe9\x1f\x08\x1c\x06<\x12\xf8\xd5\xda\
Dj\xd0y\xc0A\xbeJxy,\x00\xcb0y\xb9\
\x88\xcf\x17\xd7r]\x0d\xfc7]\x19813\xbf_\
\x9cg\xea\x22\xe2\x0e\xc0#\xe8\x86\xfe\xc3\x80\xedk\x13\
i\x00>\x07<43WU\x07i\x95\x05`\x89\x22\
\xe2e\xc0\xdfU\xe7\xd0 \x9dK\xf7\xe2\xa8\xd3\x803\
\x81\xef\xb5v\xfbSD\xec\x06\x1c@w\x01\xdf\xc3\x81\
{\xd6&\xd2@\xbd53\x7f\xb7:D\xab,\x00K\
0y\xa7\xf8'\x81\xa8\xce\xa2Q\xb8\x128\x8b\xeeZ\
\x933\x8133\xf3\xfc\xd2Dk\x99\x1c\xdd\x1f\xb0\xce\
\xcf\xedJCiL\x9e\x9b\x99o\xa9\x0e\xd1\x22\x0b\xc0\
\x22E\xc4N\xc0\xd7\x81\x9d\xab\xb3h\xd4.\xa5\xbb\x8e\
\xe0\x87\xeb\xf9\xb9`\x9a\x0f$\x8a\x88\xcd\xe8.\xce\xdb\
\x0d\xb8\xf3:?\xfb\xe2\x05\xb0\xaau\x0d\xb0\x7ff~\
\xbb:Hk,\x00\x8b\x14\x11\x1f\x03\x1e]\x9dC\x9a\
\xc7\xff\x02\x17\xd1]_p5\xdd\x97\xe4\xba\xff|-\
\xb0\x05\xb0\x15\xb0\xf5Z\x7f\xae\xf9\xe7m\x80\xdbO~\
6Z\xd9\xf8\xd2\xa2|\x15\xb8\xef\x98.\xa6\x9d\x06\x0b\
\xc0\x22D\xc4\xf3\x80c\xabsH\x92n\xe5\xb5\x99\xf9\
\xe2\xea\x10-\xb1\x00,PD\xfc2\xdd\xf9W\x1fN\
\x22I\xfd\x93\xc0\xc32\xf33\xd5AZa\x01X\x80\
\x88\xd8\x1c\xf82^\xc9,I}v\x11p\x8f\xcc\xbc\
\xac:H\x0b<\xaf\xb70\xaf\xc2\xe1/I}wG\
\xe0\xad\xd5!Z\xe1\x06`\x1e\x11q\x08\xf0y\xbc\xe5\
O\x92Z\xf1\xe4\xcc\xf4\xe5l\xf3\xb0\x00\xcc!\x226\
\x01\xbe\x02\xdc\xbd:\x8b$i\xc1~\x02\xec\x93\x99W\
V\x07\xe93O\x01\xcc\xed\xf7q\xf8KRkv\x06\
^Y\x1d\xa2\xef\xdc\x00l@D\xdc\x11\xf86\xdd\xbd\
\xd0\x92\xa4\xb6\xac\xa6{6\xc0\x19\xd5A\xfa\xca\x0d\xc0\
\x86\xbd\x1e\x87\xbf$\xb5j#\xe0\xcd\x11\xb1qu\x90\
\xbe\xb2\x00\xacGD<\x028\xa2:\x87$iY\xee\
\x03<\xaf:D_y\x0a`\x1d\x93{\xfe\xcf\x01\xf6\
\xaa\xce\x22IZ\xb6\x9f\x01\xfbf\xe6%\xd5A\xfa\xc6\
\x0d\xc0\xad\xfd\x09\x0e\x7fI\x1a\x8a\xdb\x00\xaf\xad\x0e\xd1\
Gn\x00\xd6\x12\x11\xb7\x05\xce\x07~\xa98\x8a$i\
zV\xd3=!\xf0\x1b\xd5A\xfa\xc4\x0d\xc0-\xfd\x11\
\x0e\x7fI\x1a\x9a\x8d\x80\xbf\xa8\x0e\xd17n\x00&\x22\
b;\xba\xa3\xff\xdb\x14G\x91$M_\xd2m\x01\xce\
\xa9\x0e\xd2\x17n\x00n\xf6\xc78\xfc%i\xa8\x02\xf8\
\xcb\xea\x10}\xe2\x06\x00\x88\x88\xed\xe9\x8e\xfe\xb7-\x8e\
\x22I\x9a\x9d\x04\xee\x95\x99_\xab\x0e\xd2\x07n\x00:\
/\xc2\xe1/IC\xe7\x16`-\xa3\xdf\x00D\xc4\x8e\
\xc0y\xf8\xd4?I\x1a\x83\x04\xee\x93\x99gW\x07\xa9\
\xe6\x06\xa0;\xfaw\xf8K\xd28\xb8\x05\x98\x18\xf5\x06\
 \x22v\xa2;\xfa\xdf\xba:\x8b$iE\xed\x9f\x99\
_\xa9\x0eQi\xec\x1b\x80?\xc1\xe1/Ic\xf4\x97\
\xd5\x01\xaa\x8dv\x03\x10\x11\xb7\xa3;\xfa\xdf\xaa:\x8b\
$\xa9\xc4\x81\x99yfu\x88*c\xde\x00\xbc\x18\x87\
\xbf$\x8d\xd9_V\x07\xa84\xca\x0d@D\xecLw\
\xf4\xbfeu\x16IR\xa9_\xcd\xcc\xd3\xabCT\x18\
\xeb\x06\xe0%8\xfc%I#\xde\x02\x8cn\x030\xb9\
\xef\xff\x02,\x00\x92\xa4\xce\x01\x99yVu\x88\x956\
\xc6\x0d\xc0\x93q\xf8K\x92n\xf6\xec\xea\x00\x15\xc6\xb8\
\x018\x1b\xb8gu\x0eIRo\x5c\x01\xdc!3\xaf\
\xab\x0e\xb2\x92F\xb5\x01\x88\x88{\xe3\xf0\x97$\xdd\xd2\
m\x81\xc3\xabC\xac\xb4Q\x15\x00\xe0\x99\xd5\x01$I\
\xbd\xf4\xac\xea\x00+m4\xa7\x00\x22b3\xe0b`\
\x87\xea,\x92\xa4\xdeY\x0d\xec\x9e\x99\x17T\x07Y)\
c\xda\x00\xfc\x06\x0e\x7fI\xd2\xfam\x04<\xbd:\xc4\
J\x1aS\x01p\xfd/I\x9a\xcb3\x22\x22\xaaC\xac\
\x94Q\x9c\x02\x88\x88]\xe8\xee\xfd\xdf\xb8:\x8b$\xa9\
\xd7\x0e\xcd\xcc\x93\xabC\xac\x84\xb1l\x00\x9e\x86\xc3_\
\x924\xbf\xd1l\x8b\xc7\xb2\x01\xf86\xb0Ou\x0eI\
R\xef]\x03\xdc>3\x7f^\x1dd\xd6\x06\xbf\x01\x88\
\x88\x83q\xf8K\x92\x16f+\xe0\xc8\xea\x10+a\xf0\
\x05\x80\x11\xads$IS1\x8a\xb91\xe8S\x00\x11\
\xb1\x15\xf0c`\xdb\xea,\x92\xa4\xa6\xec\x9b\x99\xdf\xa9\
\x0e1KC\xdf\x00\xfc&\x0e\x7fI\xd2\xe2\x0d~\x0b\
0\xf4\x0d\xc0g\x81C\xabsH\x92\x9as\x09\xb0k\
f\xdeT\x1ddV\x06\xbb\x01\x88\x88\xed\x81\x07U\xe7\
\x90$5\xe9\x0e\xc0A\xd5!fi\xb0\x05\x00x\x18\
\xc3\xfe\xef\x93$\xcd\xd6a\xd5\x01fi\xc8\x03r\xd0\
\x7fq\x92\xa4\x99\x1b\xf4\x1c\x19\xec5\x00\x11q1\xdd\
\x0aG\x92\xa4\xa5X\x0d\xdc.3\x7fZ\x1dd\x16\x06\
\xb9\x01\x88\x88{\xe2\xf0\x97$-\xcfF\xc0\xc3\xabC\
\xcc\xca \x0b\x00\x03_\xdbH\x92V\xcc#\xaa\x03\xcc\
\x8a\x05@\x92\xa4\x0d{\xc4P_\x11<\xb8k\x00\x22\
b[\xe0\xa7\xc0\xa6\xd5Y$I\x83p\xef\xcc<\xbb\
:\xc4\xb4\x0dq\x03\xf0k8\xfc%I\xd33\xc8\xad\
\xf2\x10\x0b\xc0 \xff\xa2$Ie\x069W\x86x\x0a\
\xe0<\xe0.\xd59$I\x83\xb1\x0a\xd8!3\x7f^\
\x1dd\x9a\x06\xb5\x01\x88\x88}p\xf8K\x92\xa6kS\
\xe0!\xd5!\xa6mP\x05\x80\x81\xaei$I\xe5\x06\
7_,\x00\x92$\xcdop\xf3e0\xd7\x00D\xc4\
\x16\xc0e\xc0\x96\xd5Y$I\x83t\xb7\xcc\xfcvu\
\x88i\x19\xd2\x06\xe0\x018\xfc%I\xb3\xf3\xb0\xea\x00\
\xd34\xa4\x02p\xdf\xea\x00\x92\xa4A\x1b\xd4\x9c\x19R\
\x018\xa8:\x80$i\xd0\x065g\x86t\x0d\xc0\x8f\
\x81\x9d\xabsH\x92\x06m\xfb\xcc\xbc\xbc:\xc44\x0c\
b\x03\x84\xc5\xf7F\x00\x00\x0a\xc9IDAT\x10\x11\
\xbb\xe1\xf0\x97$\xcd\xde\x81\xd5\x01\xa6e\x10\x05\x80\x81\
\xade$I\xbd5\x98yc\x01\x90$i\xe1\x063\
o\x86R\x00\x06\xb3\x92\x91$\xf5\xda`\xe6M\xf3\x17\
\x01F\xc4F\xc0\x15\xc0\xb6\xd5Y$I\xa3\xb0[f\
\xfe\xa8:\xc4r\x0da\x03p7\x1c\xfe\x92\xa4\x953\
\x88\xd3\x00C(\x00\x83Y\xc7H\x92\x9a0\x88\xb93\
\x84\x020\x88&&Ij\xc6 \xe6\x8e\x05@\x92\xa4\
\xc5\xd9\x7fr\xfdY\xd3\x9a\xfe\x0f\x88\x88\xcd\x81{T\
\xe7\x90$\x8d\xcam\x80}\xaaC,W\xd3\x05\x00\xb8\
\x17\xb0iu\x08I\xd2\xe84\xbf}n\xbd\x004\xff\
\x17 IjR\xf3\xf3\xa7\xf5\x020\x88+1%I\
\xcdi~\xfe\xb4^\x00\xf6\xaf\x0e I\x1a\xa5{F\
\xc4&\xd5!\x96\xa3\xd9\x02\x10\x11\x1b\x03{U\xe7\x90\
$\x8d\xd2f\xc0\xee\xd5!\x96\xa3\xd9\x02\x00\xecA\xf7\
\x17 IR\x85}\xab\x03,G\xcb\x05\xa0\xe9_\xbc\
$\xa9yM\xcf\xa1\x96\x0b@\xf3\xf7`J\x92\x9a\xd6\
\xf4\x1cj\xb9\x004\xdd\xbc$I\xcdkz\x0eY\x00\
$IZ\x9a\xa6\xe7P\xcb\x05\xa0\xe9\xd5\x8b$\xa9y\
;D\xc4\x0e\xd5!\x96\xaa\xc9\x020\xf9\x85\xefX\x9d\
C\x924z\xcdn\x01\x9a,\x00x\xf4/I\xea\x87\
f\xe7Q\xab\x05\xa0\xd9\xc6%I\x1a\x94f\xe7\x91\x05\
@\x92\xa4\xa5kv\x1e\xb5Z\x00\x9a]\xb9H\x92\x06\
\xa5\xd9y\xd4j\x01h\xb6qI\x92\x06e\x8f\x88\xd8\
\xb4:\xc4R4W\x00&\xbf\xe8=\xaasH\x92\x04\
lB\xa3/\xa6k\xae\x00\x00{\xd2\xfd\xc2%I\xea\
\x83&O\x03\xb4X\x00\x5c\xffK\x92\xfa\xa4\xc9\xb9\xd4\
b\x01p\xfd/I\xea\x93&\xe7R\x8b\x05\xe0\x0e\xd5\
\x01$IZ\xcb.\xd5\x01\x96\xa2\xc5\x02\xd0\xe4/Z\
\x924XM\x1e\x98Z\x00$IZ\x9e&\xe7R\x8b\
\x05\xa0\xc9\xa6%I\x1a\xac\xdbE\xc4\xc6\xd5!\x16\xab\
\xc5\x02\xd0d\xd3\x92$\x0d\xd6F\xc0\xce\xd5!\x16\xab\
\xa9\x02\x10\x11\xdb\x00\xdbV\xe7\x90$i\x1d\xcd\x1d\x9c\
6U\x00p\xfd/I\xea\xa7\xe6\xe6Sk\x05\xa0\xb9\
\x86%I\x1a\x85\xe6\xe6Sk\x05\xa0\xb9\x86%I\x1a\
\x85\xe6\xe6Sk\x05\xa0\xb9\x86%I\x1a\x85\xe6\xe6S\
k\x05\xa0\xb9\x86%I\x1a\x05\x0b\xc0\x8c5\xf7\x0b\x96\
$\x8dBs\x07\xa8\x16\x00I\x92\x96\xaf\xb9\xf9\xd4Z\
\x01h\xaeaI\x92F\xa1\xb9\xa7\x01Z\x00$IZ\
\xbe\x8d\x80\xdbU\x87X\x8cf\x0a\xc0\xa4Y\xdd\xa6:\
\x87$I\x1b\xb0]u\x80\xc5h\xa6\x00\x00\xdbT\x07\
\x90$i\x0eM=\xaa\xbe\xa5\x02\xe0\xd1\xbf$\xa9\xcf\
\x9a\x9aS-\x15\x80\xa6\x9a\x95$it\x9a\x9aS-\
\x15\x80\xa6\x9a\x95$it\x9a\x9aS-\x15\x80\xa6\x9a\
\x95$it\x9a\x9aS\x16\x00I\x92\xa6\xa3\xa99\xd5\
R\x01hj\xb5\x22I\x1a\x9d\xa6\xe6TK\x05\xa0\xa9\
f%I\x1a\x9d\xa6\xe6\x94\x05@\x92\xa4\xe9p\x030\
#M\xfdb%I\xa3\xd3\xd4\x81jK\x05\xa0\xa9_\
\xac$it\x9a:Pm\xa9\x004\xf5\x8b\x95$\x8d\
NS\x07\xaa-\x15\x80\xa6~\xb1\x92\xa4\xd1ijN\
Y\x00$I\x9a\x8e\xa6\xe6TK\x05`\xb3\xea\x00\x92\
$\xcd\xa1\xa99\xd5R\x01\xd8\xa4:\x80$Ish\
jNY\x00$I\x9a\x8eM\xab\x03,FK\x05\xa0\
\xa9_\xac$it\x9a:Pm\xa9\x004\xf5\x8b\x95\
$\x8dNSs\xca\x02 I\xd2tl\x5c\x1d`1\
,\x00\x92$MID43\xab,\x00\x92$MO\
3\xb3\xaa\xa5\x02\xe0E\x80\x92\xa4\xbekfV\xb5T\
\x00\x9aiU\x92\xa4\xd1jfVY\x00$I\x9a\x9e\
ff\x95\x05@\x92\xa4\xe9ifVY\x00$I\x9a\
\x9eff\x95\x05@\x92\xa4\xe9ifV\xb5T\x00\x9a\
\xb9\xb2R\x924Z\xcd\xcc\xaa\x96\x0a\xc0\x8d\xd5\x01$\
I\x9aG3\xb3\xaa\xa5\x02puu\x00I\x92\xe6q\
Mu\x80\x85\xb2\x00H\x924=\x16\x80\x19h\xe6\x97\
*I\x1a\xadk\xab\x03,TK\x05\xc0\x0d\x80$\xa9\
\xcfn\xcc\xccU\xd5!\x16\xca\x02 I\xd2t4\xb5\
\xa9n\xa9\x004\xf5\x8b\x95$\x8dNSs\xaa\xa5\x02\
\xe0\x06@\x92\xd4g\x16\x80\x19\xb1\x00H\x92\xfa\xcc\x02\
0#\x16\x00IR\x9fY\x00f\xe4\xa2\xea\x00\x92$\
\xcd\xe1\xc2\xea\x00\x8b\xd1R\x018\xaf:\x80$Is\
hjN\xb5T\x00\xce\xaf\x0e I\xd2\x1c~P\x1d\
`1Z*\x00M5+I\xd2\xe845\xa7Z*\
\x00\x17\x037T\x87\x90$i\x03\xdc\x00\xccBf\xae\
\x06.\xa8\xce!I\xd2z$\x8d\x9d\xaan\xa6\x00L\
4\xb5^\x91$\x8d\xc6\xc5\x99y}u\x88\xc5\xb0\x00\
H\x92\xb4|\xcd\xcd\xa7\xd6\x0a\xc0\xf9\xd5\x01$IZ\
\x8f\xa6\xce\xffC{\x05\xe0\x9c\xea\x00\x92$\xadGs\
\xf3\xa9\xb5\x02\xf0\xc5\xea\x00\x92$\xadGs\xf3)2\
\xb3:\xc3\xa2D\xc4w\x81\xbbV\xe7\x90$ib\x15\
p\x9b\xcc\xbc\xae:\xc8b\xb4\xb6\x01\x80\x06[\x96$\
i\xd0\xbe\xda\xda\xf0\x07\x0b\x80$I\xcb\xd5\xe4\x5c\xb2\
\x00H\x92\xb4<M\xce\xa5\x16\xaf\x01\xd8\x18\xb8\x02\xd8\
\xa6:\x8b$I\xc0\x9d3\xb3\xb9'\xd56\xb7\x01\xc8\
\xcc\x9b\x80/W\xe7\x90$\x09\xb8\xa8\xc5\xe1\x0f\x0d\x16\
\x80\x89&\xd7-\x92\xa4\xc1iv\x1e\xb5Z\x00>^\
\x1d@\x92$\x1a\x9eG\xcd]\x03\xb0FD\xfc\x10\xd8\
\xad:\x87$i\xb4n\x00v\xce\xcc+\xaa\x83,E\
\xab\x1b\x00\x80\x13\xaa\x03H\x92F\xed\xbfZ\x1d\xfe\xd0\
v\x01x\x7fu\x00I\xd2\xa85=\x87\x9a=\x05\x00\
\x10\x11\xe7\x03w\xae\xce!I\x1a\x9d\x1b\x80\xdbe\xe6\
\x95\xd5A\x96\xaa\xe5\x0d\x00x\x1a@\x92T\xe3S-\
\x0f\x7fh\xbf\x004\xbd~\x91$5\xab\xf9\xf9\xd3\xf4\
)\x00\x80\x888\x0f\xb8Ku\x0eI\xd2h4\xbf\xfe\
\x87\xf67\x00\x00\xc7U\x07\x90$\x8d\xca\x07[\x1f\xfe\
0\x8c\x0d\xc0\x8e\xc0\x05\xc0\x96\xd5Y$I\xa3p@\
f\x9eU\x1db\xb9\x9a\xdf\x00d\xe6\xa5\xc0;\xaas\
H\x92F\xe1\xbf\x870\xfca\x00\x1b\x00\x80\x88\xd8\x13\
\xf8.\x03(4\x92\xa4^\xfb\xf5\xcc\xfc\xcf\xea\x10\xd3\
0\x88\x81\x99\x99\xdf\x07\xfe\xa3:\x87$i\xd0\xce\x01\
N\xac\x0e1-\x83(\x00\x13\xaf\xad\x0e I\x1a\xb4\
\xd7\xe5\x10\xd6\xe6\x13\x838\x05\xb0FD\x9c\x0c<\xa8\
:\x87$ip.\x06v\xcf\xcc\x1b\xaa\x83L\xcb\x90\
6\x00\xe0\x16@\x924\x1b\xc7\x0ci\xf8\xc3\xc06\x00\
\x00\x11q\x0a\xf0\xc0\xea\x1c\x92\xa4\xc1\xb8\x10\xd873\
\xaf\xae\x0e2MC\xdb\x00\x00\xbc\x00\xb8\xa9:\x84$\
i0^4\xb4\xe1\x0f\x03,\x00\x99\xf95\xe0M\xd5\
9$I\x83prf\xbe\xaf:\xc4,\x0c\xee\x14\x00\
@D\xdc\x96\xee\xb9\x00;Ug\x91$5\xebF\xe0\
\xde\x99yNu\x90Y\x18\xdc\x06\x00 3\xaf\x00\xfe\
\xb4:\x87$\xa9i\xc7\x0eu\xf8\xc3@7\x00\x00\x11\
\x11\xc0\x17\x81_\xad\xce\x22Ij\xce\xff\x02{\x0f\xe1\
\xa5?\x1b2\xc8\x0d\x00\xc0\xe4a\x0dG\x01\xab\xab\xb3\
H\x92\x9a\xf3\xa7C\x1e\xfe0\xe0\x02\x00\x90\x99g\x02\
\xc7T\xe7\x90$5\xe53\x8c\xe0U\xf3\x83=\x05\xb0\
FDl\x0a\x9c\x0a\x1cT\x9dE\x92\xd4{\x97\xd0]\
\xf8\xf7\x93\xea \xb36\xe8\x0d\x00@f\xae\x02\x8e\x04\
\xae\xa8\xce\x22I\xea\xb5\x9b\x80'\x8da\xf8\xc3\x08\x0a\
\x00@f\x9e\x0f<\xa38\x86$\xa9\xdf\xfe\x223O\
\xae\x0e\xb1R\x06\x7f\x0a`m\x11q4\xf0\xc2\xea\x1c\
\x92\xa4\xde9\x11\xf8\xf5!\xbd\xedo>c+\x00\x9b\
\x02\x9f\xc7[\x03%I7\xbb\x90\xee\xbc\xff\xa5\xd5A\
V\xd2(N\x01\xac\xb1\xd6\xf5\x00\x97Wg\x91$\xf5\
\xc2\x8d\xc0\x13\xc66\xfcad\x05\x00 3\x7f\x08\x1c\
\x0e\x5c[\x9dE\x92T*\x81\xe7d\xe6\x17\xaa\x83T\
\x18]\x01\x00\xc8\xccS\x80#\x80U\xd5Y$Ie\
~?3\x8f\xab\x0eQe\x94\x05\x00 3?\x09<\
\x19_\x1d,Ic\xf4\xf2\xcc|cu\x88J\xa3-\
\x00\x00\x99y\x02\xf0\xbbtk I\xd28\xbc:3\
_Y\x1d\xa2\xda\xa8\x0b\x00@f\xbe\x1do\x0d\x94\xa4\
\xb1\xf8\xe7\xcc\xf4m\xb1X\x00\x00\xc8\xccc\x80WT\
\xe7\x90$\xcd\xd4\xbb\x80\xe7W\x87\xe8\x0b\x0b\xc0Df\
\xfe\x0d\x96\x00I\x1a\xaaw\x02\xcf\x1c\xd3\x83~\xe63\
\xaa\x07\x01-DD<\x09x;\xb0yu\x16I\xd2\
T\xbcbr\x90\xa7\xb5X\x00\xd6#\x22\x0e\x01>\x0c\
\xecX\x9dE\x92\xb4d\xd7\x03\xcf\xca\xcc\xe3\xab\x83\xf4\
\x91\x05`\x03\x22bO\xe0\x13\xc0>\xd5Y$I\x8b\
\xf6S\xe0q\x99yju\x90\xbe\xf2\x1a\x80\x0d\xc8\xcc\
\xef\x03\xf7\x03N.\x8e\x22IZ\x9c\xef\x01\xf7u\xf8\
\xcf\xcd\x020\x87\xcc\xbc\x1cx8\xf0\x8e\xea,\x92\xa4\
\x059\x85n\xf8\x9f[\x1d\xa4\xef,\x00\xf3\xc8\xccU\
\x99\xf9,\xba\xa7\x06^Q\x9dG\x92\xb4^\xab\x80?\
\x03\x1e\x92\x99\x97U\x87i\x81\xd7\x00,BD\xdc\x09\
8\x0exHq\x14I\xd2\xcd\xbe\x01<53\xbfZ\
\x1d\xa4%n\x00\x16!3/\x04\x1e\x06\xfc!p]\
q\x1cI\x1a\xbb\x04\x8e\x06\x0ep\xf8/\x9e\x1b\x80%\
\x8a\x88\xbb\xd1=U\xea>\xd5Y$i\x84~\x08<\
#3O\xae\x0e\xd2*7\x00K\x94\x99\xdf\x02\xee\x0b\
\xfc\x0dn\x03$i\xa5\xac\x06\xfe\x15\xb8\x87\xc3\x7fy\
\xdc\x00LAD\xecFW\x04\x9e\x82\xa5J\x92f\xe5\
D\xe0%\x99\xf9\xb5\xea C`\x01\x98\xa2\x88\xb8'\
\xf0\x1a\xba[\x07%I\xd3\xf1\x15\xe0\xc5\x99\xf9\x99\xea\
 C\xe2\xd1\xea\x14e\xe6\xffd\xe6#\xe8\x0a\xc0\xd9\
\xd5y$\xa9q\xe7\xd3mV\x0fp\xf8O\x9f\x1b\x80\
\x19\x89\x88\xa0{v\xc0+\x80\xbb\x16\xc7\x91\xa4\x96\xfc\
\x18x-plf^_\x1df\xa8,\x0036)\
\x02\x8f\x00\x8e\x02\x1e\x89[\x17I\xda\x90\xd3\x807\x02\
\x1f\xc8\xccU\xd5a\x86\xce\x02\xb0\x82\x22b\x0f\xe0\xf9\
\xc03\x81\xed\x8a\xe3HR\x1f\x5c\x07\x1c\x0f\xbc\xd1{\
\xf9W\x96\x05\xa0@DlEwz\xe0(\xe0\x1e\xc5\
q$\xa9\xc2\xf9\xc0?\x03o\xcb\xcc\x9f\x16g\x19%\
\x0b@\xb1\xc9\x9d\x03\x8f\x9b\xfc\xdc\xab8\x8e$\xcd\xd2\
\xf7\x81\x0fO~N\xcb\xcc\xd5\xc5yF\xcd\x02\xd0#\
\x11q\x17\xe0\xb1te\xe0\x01\xc0\xc6\x95y$i\x0a\
\xbe\xc2d\xe8g\xe6\xd7\xab\xc3\xe8f\x16\x80\x9e\x8a\x88\
\x1d\x80G\x03\x8f\xa2{\xe2\xe0\xae\xb5\x89$iA.\
\x05\xce\xa0{h\xcf\x873\xf3\x82\xe2<\xda\x00\x0b@\
#\x22bg\xe0 \xe0\xc0\xb5~v(\x0d%i\xec\
\xae\x02\xce\xa2\x1b\xf8g\x00gd\xe6y\xb5\x91\xb4P\
\x16\x80\x86M\xee*8\x90\xee\xda\x81;\xaf\xf5s\x07\
\xbc\xddP\xd2\xf4\xfc/\xdd\xcbw\xd6\xfc\x9cC7\xf0\
\xbf\xe5y\xfcvY\x00\x06(\x226\xa5;e\xb0v\
)\xd8\x15\xd8\x16\xd8\x0a\xd8r\xf2\xe7\xba?[\x02[\
\x14D\x964{7\x00\xd7L~\xae]\xeb\x9f\xd7\xfe\
\xb9\x1a\xb8\x10\xb8\x80\x9b\x87\xfd\x05\x99ymE`\xcd\
\xd6\xff\x07\x19eo\x01\xf5=7n\x00\x00\x00\x00I\
END\xaeB`\x82\
\x00\x00\x11\xb6\
\x89\
PNG\x0d\x0a\x1a\x0a\x00\x00\x00\x0dIHDR\x00\
\x00\x02\x00\x00\x00\x02\x00\x08\x06\x00\x00\x00\xf4x\xd4\xfa\
\x00\x00\x00\x04sBIT\x08\x08\x08\x08|\x08d\x88\
\x00\x00\x00\x09pHYs\x00\x00\x0e\xc4\x00\x00\x0e\xc4\
\x01\x95+\x0e\x1b\x00\x00\x00\x19tEXtSof\
tware\x00www.inksca\
pe.org\x9b\xee<\x1a\x00\x00\x113ID\
ATx\x9c\xed\xdd\xdf\xaf\x9dU\xbd\xef\xf1\xf7\x9a\x84\
\xaa\x91\x9f\xddPoL$\x22E(D\xd9\x1eN\x02\
\x1c\xaa\x17\xb2\x93\xc3\x8d?\x8e\xfbDH\xdc\x18\x10H\
4\xfe\xf8\x1b\xbc2\xea\x16\x95+\xa3\x22\x18S\x13/\
\x0e&\xb8\xcf\x85p\x05\xd9^\xb8eo\x11\xdaC9\
\x07\xd4;\xed\x86R,\x89\x22\x91\x9e\x8b\xa7M'\x8b\
\xd5v\xad\xb9\xe6|f\xe9z\xbd\x92&\xab\xcf|\x9e\
\xf1|\xee\xc6w\x8e1\xe6\x18\x05\x00\x00\x00\x00\x00\x00\
\x00\x00\x00\x00\x00\x00\x00\x00\x00\x00\x00\x00\x00\x00\x00\x00\
\x00\x00\x00\x00\x00\x00\x00\x00\x00\x00\x00\x00\x00\x00\x00\x00\
\x00\x00\x00\x00\x00\x00\x00\x00\x00\x00\x00\x00\x00\x00\x00\x00\
\x00\x00\x00\x00\x00\x00\x00\x00\x00\x00\x00\x00\x00\x00\x00\x00\
\x00\x00\x00\x00\x00\x00\x00\x00\x00\x00\x00\x00\x00\x00\x00\x00\
\x00\x00\x00\x00\x00\x00\x00\x00\x00\x00\x00\x00\x00\x00\x00\x00\
\x00\x00\x00\x00\x00\x00\x00\x00\x00\x00\x00\x00\x00\x00\x00\x00\
\x00\x00\x00\x00\x00\x00\x00\x000\x1f+#\xbccG\xb5\
\xbb\xdaU\xbd\xb7\xdaY]X]P\x9dS\x9d=B\
\x06\x008\xdd\xbcZ\xbd\x5c\x1d\xaa^\xac\xf6WOW\
{\xab\xc7\xaa\x03\x8b|\xf9\xa2\x0a\x80k\xab[\xaa\x9b\
\x1a:\xfe1\x0a\x0d\x008S\x1ci(\x04~^\xfd\
\xb8\xfa\xd5\xbc_0\xcf\x8e\xf9\xbc\xea\xae\xea\xf6\xea\x8a\
9\xb6\x0b\x00[\xdd\xbe\xea\x07\xd5w\xaa\xc3\xf3hp\
\x1e\x05\xc0\xf6\xea\x8b\xd5\xe7\x1b\x86\xf6\x01\x80\xc5x\xb1\
\xfav\xf5\xad\xa3\x7f\xcfl3\x05\xc0J\xf5\xa9\xea\xeb\
\xd5\xc5\x9b\x09\x01\x00l\xc8\xc1\xea\xcb\xd5\xbd\xd5k\xb3\
40k\x01pY\xf5@u\xdd\x8c\xcf\x03\x00\x9b\xf7\
\x8b\xea\xb6\xea\xffm\xf4\xc1\xc9\x0c/\xfbx\xf5\xcbt\
\xfe\x00\xb0l\xd7W\xff\xde\xb0\xf0~C\xce\xda\xc0\xbd\
\x93\xea\x9e\xea\x1b\xd5[7\xfa\x22\x00`!\xdeR\xfd\
\x8f\x86\xc5\xf8\x8f4\xfc\x82\xe0\x94\xd6;\x05\xb0\xada\
\xc8\xff\x933E\x03\x00\xc6\xf0\xbf\xaa[\xabWNu\
\xe3z\x0a\x80m\xd5O\xab\xff\xbe\xc9P\x00\xc0\xe2\xfd\
\xef\xeac\xd5_Ov\xd3\xa9\xa6\x00V\xaa\xfb\xaaO\
\xcc)\x14\x00\xb0X\x97\x1d\xfd\xf7`'\x99\x0e8U\
\x01\xf0\xcd\xea\xee9\x86\x02\x00\x16\xef\xaa\x86\xed\xf6\x7f\
~\xa2\x1bNV\x00\xfc\xcf\x86\xdf\xf8\x03\x00o>\xd7\
W\xff\xb7zr\xad\x0fO\xb4\x06\xe0=\xd5\xe3\x0d+\
\x0a\x01\x807\xa7\xc3\xd5\x7f\xa9\x9eY\xfd\xc1Z\xfb\x00\
L\xaa\x1f\xa6\xf3\x07\x807\xbbs\xab\xef\xb7\xc6\x17\xfe\
\xb5\x0a\x80\xdb\xb3\xc9\x0f\x00\x9c)\xfe[\xc3n\x81\xaf\
\xb3\xba\x22\xd8\xde0L\xf0wc$\x02\x00F\xf1\x9f\
\xd5\xce\xea\xd0\xb1\x0b\xabG\x00\xbe\x94\xce\x1f\x00\xce4\
\x17W_\x98\xbe0=\x02p^\xf5\xbb\x1c\xe9\x0b\x00\
g\xa2\x83\xd5%\x0d\x0b\x03_7\x02pw:\x7f\x00\
8Sm\xaf\xee:\xf6\x9f\xe9\x11\x80\xffS\xbdw\xf4\
8\x00\xc0X\xf6U\xbb\xea\xf8\x08\xc0\x7fM\xe7\x0f\x00\
g\xba+\xabk\xeax\x01\xb0\xe1s\x84\x01\x807\xa5\
[\xebx\x01p\xd3\x12\x83\x00\x00\xe3\xf9p\x0dk\x00\
vT\x7fh}G\x03\x03\x00onG\xaawL\xaa\
\xdd\xe9\xfc\x01`\xabX\xa9n\x9c4\x1c\x19\x08\x00l\
\x1d\xbb&\xd5\xe5\xcbN\x01\x00\x8c\xea\xf2Iu\xd9\xb2\
S\x00\x00\xa3\xda9\xa9.Zv\x0a\x00`T\x17M\
\x1a\xce\x0a\x06\x00\xb6\x8esW\xaaW\xaam\xcbN\x02\
\x00\x8c\xe6\x95\xd5\xc7\x01\x03\x00[\xc0\xa4zy\xd9!\
\x00\x80Q\x1d\x9et\xf4\x5c`\x00`\xcb8<\xa9\x9e\
_v\x0a\x00`T\xcfO\xaag\x96\x9d\x02\x00\x18\xd5\
\xfeI\xb5\x7f\xd9)\x00\x80Q\xed\x9fTO-;\x05\
\x000\xaa\xbd\x8e\x03\x06\x80\xad\xe5\xb5\x8e\x1e\x07|\xa0\
\xda\xbb\xe40\x00\xc08\x9e\xe8\xe8\x22\xc0\xaa\x87\x97\x99\
\x04\x00\x18\xcd#5l\x04T\xb5g\x89A\x00\x80\xf1\
\xec\xa9\xd7\xcf\xfb?Y]\xb5\x9c,\x00\xc0\x08\xf6U\
\xbb\xea\xf8\x08@\xd5\x03\xcb\xc9\x02\x00\x8c\xe4\xfb\xc7\xfe\
\x98\x1e\x018\xb7\xfa}u\xe1\xe8q\x00\x80E;X\
]\xd2\xd1#\x00\xa6G\x00\x0eW\xf7.!\x10\x00\xb0\
x\xdfl\xea\xfc\x9f\xd5\xbf\xfd\xbf\xb0ag\xc0\x8b\xc7\
L\x04\x00,\xd4\x1f\xab\xcb\xab\x97\x8e]8k\xd5\x0d\
\x7f\xa9^\xa8>2b(\x00`\xb1>[\xfdr\xfa\
\xc2Z\xbb\xff\xadT\x8fU7\x8c\x91\x08\x00X\xa8G\
\xab\x0fUG\xa6/\x9eh\xfb\xdfK\xab\xc7\xab\xf3\x17\
\x9b\x09\x00X\xa0C\xd5\x07\xaa\xe7V\x7f0y\xe3\xbd\
U=[}f\x91\x89\x00\x80\x85\xbb\xa35:\xffz\
\xe3\x1a\x80i\xfb\xaa\xf3\xaa\xeb\x16\x91\x08\x00X\xa8\xaf\
v\x92_\xf7\x9d\xac\x00\xa8\xe1\x8c\x80wU\xef\x9fg\
\x22\x00`\xa1\xf6T\x9fk\xd5\xbc\xff\xb4\xf5\x1c\x01|\
v\xf5\xd3\xea\xe69\x85\x02\x00\x16\xe7g\xd5\xc7\xabW\
Ov\xd3\xa9F\x00j87\xf8'\xd5;\xabk6\
\x9f\x0b\x00X\x90\x1fU\xb7v\x8a\xce\xbf\xd6W\x00\xd4\
P\x04<T\xbd\xbd\xba~\xf6\x5c\x00\xc0\x02\x1c\xa9\xbe\
\xd60\xec\xff\xb7\xf5<\xb0\x9e)\x80\xd5>Z\xdd\x97\
3\x03\x00\xe0t\xf0\xa7\xea\xce\x86\xd1\xfau\x9b\xa5\x00\
\xa8zwu\x7fu\xe3\x8c\xcf\x03\x00\x9b\xf7h\xf5\xe9\
\xea\xb7\x1b}\xf0D\xfb\x00\x9c\xcas\xd5\x07\xab\xdb\xaa\
\x033\xb6\x01\x00\xcc\xe6`uw\xc3\x0e\x7f\x1b\xee\xfc\
k\xfdk\x00N\xe4\x89\xea{\xd5\x9f\xab\xf7Uo\xdb\
d{\x00\xc0\x89\xbdP}\xa5a\xa1\xdf/6\xd3\xd0\
\xacS\x00k9\xa7\xba\xab\xba\xbd\xda5\xc7v\x01`\
\xab{\xaaa\xfd\xddw\xab\x97\xe7\xd1\xe0<\x0b\x80i\
\xd74T'7UW7\xfbT\x03\x00lE\xafU\
\xbfi\xd8\x90oO\xf5\xeby\xbf`Q\x05\xc0\xb4\x8b\
\xaa\xdd\xd5\x95\xd5\x15\xd5\xcej{uA\xc3\xa8\xc1\xb6\
\x112\x00\xc0\xe9\xe6\xaf\x0d\xdf\xe6\x0f5\xcc\xe9\xef\xaf\
\x9e\xae\xf66\x9c\xca\xfb\xfc\xf2\xa2\x01\x00\x00\x00\x00\x00\
\x00\x00\x00\x00\x00\x00\x00\x00\x00\x00\x00\x00\x00\x00\x00\x00\
\x00\x00\x00\x00\x00\x00\x00\x00\x00\x00\x00\x00\x00\x00\x00\x00\
\x00\x00\x00\x00\x00\x00\x00\x00\x00\x00\x00\x00\x00\x00\x00\x00\
\x00\x00\x00\x00\x00\x00\x00\x00\x00\x00\x00\x00\x00\x00\x00\x00\
\x00\x00\x00\x00\x00\x00\x00\x00\x00\x00\x00\x00\x00\x00\x00\x00\
\x00\x00\x00\x00\x00\x00\x00\x00\x00\x00\x00\x00\x00\x00\x00\x00\
\x00\x00\x00\x00\x00\x00\x00\x00\x00\x00\x00\x00\x00\x00\x00\x00\
\x00\x00\x00\x00\x00\x00\x00\x00\x00\x00\x00\x00\x00\x00\x00\x00\
\x00\x00\x00\x00\x00\x00\x00\x00\x00\x00\x00\x00\x00\x00\x00\x00\
\x00\x00\x00\x00\x00\x00\x00\x00\x00\x00\x00\x00\x00\x00\x00\x00\
\x00\x00\x00\x00\x00\x00\x00\x00\x00\x00\x00\x00\x00\x00\x00\x00\
\x00\x00\x00\x00\x00\x00\x00\x00\xc0|\xad\x8c\xf0\x8e\x1d\xd5\
\xeejW\xf5\xdejguauAuNu\xf6\x08\
\x19\x00\xe0t\xf3j\xf5ru\xa8z\xb1\xda_=]\
\xed\xad\x1e\xab\x0e,\xf2\xe5\x8b*\x00\xae\xadn\xa9n\
j\xe8\xf8\xc7(4\x00\xe0Lq\xa4\xa1\x10\xf8y\xf5\
\xe3\xeaW\xf3~\xc1<;\xe6\xf3\xaa\xbb\xaa\xdb\xab+\
\xe6\xd8.\x00lu\xfb\xaa\x1fT\xdf\xa9\x0e\xcf\xa3\xc1\
y\x14\x00\xdb\xab/V\x9fo\x18\xda\x07\x00\x16\xe3\xc5\
\xea\xdb\xd5\xb7\x8e\xfe=\xb3\xcd\x14\x00+\xd5\xa7\xaa\xaf\
W\x17o&\x04\x00\xb0!\x07\xab/W\xf7V\xaf\xcd\
\xd2\xc0\xac\x05\xc0{\xaa\x07\xaa\xebg|\x1e\x00\xd8\xbc\
\x7f\xadn\xab\x9e\xdd\xe8\x83\x93\x19^\xf6\xb1\xea\xdf\xd2\
\xf9\x03\xc0\xb2\xddP\xfdG\xf5\xc9\x8d>x\xd6\x06\xee\
\x9dT\xdf\xa8\xee\xa9\xde\xba\xd1\x17\x01\x00\x0b\xf1\x96\xea\
\x13\x0d\x8b\xf1\x1fi\xf8\x05\xc1)\xad\xb7\x00\xd8V\xfd\
\xb0\xbas\xa6h\x00\xc0\xa2]W]V=\xd4:\xd6\
\x05\xacg\x0d\xc0\xb6\xea\xc1\xea\xe6\xcd\xe5\x02\x00F\xf0\
/\x0d\xd3\xf5\xaf\x9e\xec\xa6S\x8d\x00\xacT\xf75\x0c\
-\x00\x00\xa7\xbf\x9d\x0d\x8b\xf5\x1f\xec$\xd3\x01\xa7*\
\x00\xee\xa9\xee\x9ec(\x00`\xf1\xae\xae\xde^=|\
\xa2\x1bNV\x00\xfcc\xf5\xcf\xf3N\x04\x00\x8c\xe2\xfa\
\xea\x99\xea\xa9\xb5><\xd1\x1a\x80K\xab\xc7\xab\xf3\x17\
\x14\x0a\x00X\xbc\x97\xaa\xbf\xaf\x9e[\xfd\xc1Z\xfb\x00\
\xac4\xac\xf8\xd7\xf9\x03\xc0\x9b\xdb\xf9\xd5\xfd\xad\xf1\x85\
\x7f\xad\x02\xe0\x8el\xf2\x03\x00g\x8a\x1b\xab\x7fZ}\
quE\xb0\xbd\xe1<\xe2\x8b\xc6H\x04\x00\x8c\xe2@\
uyu\xe8\xd8\x85\xd5#\x00_J\xe7\x0f\x00g\x9a\
\x1d\xd5\x17\xa6/L\x8f\x00\x9cW\xfd.G\xfa\x02\xc0\
\x99\xe8`uIu\xb8^?\x02pW:\x7f\x008\
SmojK\xff\xe9\x11\x80'\xab\xabF\x8f\x03\x00\
\x8ce_\xb5\xab\x8e\x8f\x00\x5c\x9b\xce\x1f\x00\xcetW\
V\xd7\xd4\xf1\x02\xe0\x96\xe5e\x01\x00Ftk\x1d/\
\x00\xfea\x89A\x00\x80\xf1|\xb8\x865\x00;\xaa?\
\xb4\xbe\xa3\x81\x01\x807\xb7#\xd5\x8eI\xb5;\x9d?\
\x00l\x15+\xd5\xeeI\x16\xff\x01\xc0V\xb3k\xd2\xb0\
5 \x00\xb0u\x5c>\xa9.[v\x0a\x00`T;\
'\xd9\xfb\x1f\x00\xb6\x9a\x8b&\xd5\xb9\xcbN\x01\x00\x8c\
\xea\xdc\x95\xea\x95j\xdb\xb2\x93\x00\x00\xa3ye\xf5q\
\xc0\x00\xc0\x160\xa9^^v\x08\x00`T\x87'\x1d\
=\x17\x18\x00\xd82\x0eO\xaa\xe7\x97\x9d\x02\x00\x18\xd5\
\xf3\x93\xea\x99e\xa7\x00\x00F\xb5\x7fR\xed_v\x0a\
\x00`T\xfb'\xd5S\xcbN\x01\x00\x8cj\xaf\xe3\x80\
\x01`ky\xadz\xc7\xa4:P\xed]r\x18\x00`\
\x1cOtt\x11`\xd5\xc3\xcbL\x02\x00\x8c\xe6\x91\x1a\
6\x02\xaa\xda\xb3\xc4 \x00\xc0x\xf6\xd4\xeb\xe7\xfd\x9f\
\xac\xaeZN\x16\x00`\x04\xfb\xaa]u|\x04\xa0\xea\
\x81\xe5d\x01\x00F\xf2\xfdc\x7fL\x8f\x00\x9c[\xfd\
\xbe\xbap\xf48\x00\xc0\xa2\x1d\xac.\xe9\xe8\x11\x00\xd3\
#\x00\x87\xab{\x97\x10\x08\x00X\xbco6u\xfe\xcf\
\xea\xdf\xfe_\xd8\xb03\xe0\xc5c&\x02\x00\x16\xea\x8f\
\xd5\xe5\xd5K\xc7.\x9c\xb5\xea\x86\xbfT/T\x1f\x19\
1\x14\x00\xb0X\x9f\xad~9}a\xad\xdd\xffV\xaa\
\xc7\xaa\x1b\xc6H\x04\x00,\xd4\xa3\xd5\x87\xaa#\xd3\x17\
O\xb4\xfd\xef\xa5\xd5\xe3\xd5\xf9\x8b\xcd\x04\x00,\xd0\xa1\
\xea\x03\xd5s\xab?\x98\xbc\xf1\xde\xaa\x9e\xad>\xb3\xc8\
D\x00\xc0\xc2\xdd\xd1\x1a\x9d\x7f\xbdq\x0d\xc0\xb4}\xd5\
y\xd5u\x8bH\x04\x00,\xd4W;\xc9\xaf\xfbNV\
\x00\xd4pF\xc0\xbb\xaa\xf7\xcf3\x11\x00\xb0P{\xaa\
\xcf\xb5j\xde\x7f\xdaz\x8e\x00>\xbb\xfaiu\xf3\x9c\
B\x01\x00\x8b\xf3\xb3\xea\xe3\xd5\xab'\xbb\xe9T#\x00\
5\x9c\x1b\xfc\x93\xea\x9d\xd55\x9b\xcf\x05\x00,\xc8\x8f\
\xaa[;E\xe7_\xeb+\x00j(\x02\x1e\xaa\xde^\
]?{.\x00`\x01\x8eT_k\x18\xf6\xff\xdbz\
\x1eX\xcf\x14\xc0j\x1f\xad\xee\xcb\x99\x01\x00p:\xf8\
Sug\xc3h\xfd\xba\xcdR\x00T\xbd\xbb\xba\xbf\xba\
q\xc6\xe7\x01\x80\xcd{\xb4\xfat\xf5\xdb\x8d>x\xa2\
}\x00N\xe5\xb9\xea\x83\xd5m\xd5\x81\x19\xdb\x00\x00f\
s\xb0\xba\xbba\x87\xbf\x0dw\xfe\xb5\xfe5\x00'\xf2\
D\xf5\xbd\xea\xcf\xd5\xfb\xaa\xb7m\xb2=\x00\xe0\xc4^\
\xa8\xbe\xd2\xb0\xd0\xef\x17\x9bih\xd6)\x80\xb5\x9cS\
\xddU\xdd^\xed\x9ac\xbb\x00\xb0\xd5=\xd5\xb0\xfe\xee\
\xbb\xd5\xcb\xf3hp\x9e\x05\xc0\xb4k\x1a\xaa\x93\x9b\xaa\
\xab\x9b}\xaa\x01\x00\xb6\xa2\xd7\xaa\xdf4l\xc8\xb7\xa7\
\xfa\xf5\xbc_\xb0\xa8\x02`\xdaE\xd5\xee\xea\xca\xea\x8a\
jg\xb5\xbd\xba\xa0a\xd4`\xdb\x08\x19\x00\xe0t\xf3\
\xd7\x86o\xf3\x87\x1a\xe6\xf4\xf7WOW{\x1bN\xe5\
}~y\xd1\x00\x00\x00\x00\x00\x00\x00\x00\x00\x00\x00\x00\
\x00\x00\x00\x00\x00\x00\x00\x00\x00\x00\x00\x00\x00\x00\x00\x00\
\x00\x00\x00\x00\x00\x00\x00\x00\x00\x00\x00\x00\x00\x00\x00\x00\
\x00\x00\x00\x00\x00\x00\x00\x00\x00\x00\x00\x00\x00\x00\x00\x00\
\x00\x00\x00\x00\x00\x00\x00\x00\x00\x00\x00\x00\x00\x00\x00\x00\
\x00\x00\x00\x00\x00\x00\x00\x00\x00\x00\x00\x00\x00\x00\x00\x00\
\x00\x00\x00\x00\x00\x00\x00\x00\x00\x00\x00\x00\x00\x00\x00\x00\
\x00\x00\x00\x00\x00\x00\x00\x00\x00\x00\x00\x00\x00\x00\x00\x00\
\x00\x00\x00\x00\x00\x00\x00\x00\x00\x00\x00\x00\x00\x00\x00\x00\
\x00\x00\x00\x00\x00\x00\x00\x00\x00\x00\x00\x00\x00\x00\x00\x00\
\x00\x00\x00\x00\x00\x00\x00\x00\x00\x00\x00\x00\x00\x00\x00\x00\
\x00\x00\x00\x00\x00\x00\x00\x00\x00\x00\x00\x00\x00\x00\x00\x00\
\x00\x00`\xbeVFx\xc7\x8ejw\xb5\xabzo\xb5\
\xb3\xba\xb0\xba\xa0:\xa7:{\x84\x0c\x00p\xbay\xb5\
z\xb9:T\xbdX\xed\xaf\x9e\xae\xf6V\x8fU\x07\x16\
\xf9\xf2E\x15\x00\xd7V\xb7T75t\xfcc\x14\x1a\
\x00p\xa68\xd2P\x08\xfc\xbc\xfaq\xf5\xaby\xbf`\
\x9e\x1d\xf3y\xd5]\xd5\xed\xd5\x15sl\x17\x00\xb6\xba\
}\xd5\x0f\xaa\xefT\x87\xe7\xd1\xe0<\x0a\x80\xed\xd5\x17\
\xab\xcf7\x0c\xed\x03\x00\x8b\xf1b\xf5\xed\xea[G\xff\
\x9e\xd9f\x0a\x80\x95\xeaS\xd5\xd7\xab\x8b7\x13\x02\x00\
\xd8\x90\x83\xd5\x97\xab{\xab\xd7fi`\xd6\x02\xe0=\
\xd5\x03\xd5\xf53>\x0f\x00l\xde\xbfV\xb7U\xcfn\
\xf4\xc1\xc9\x0c/\xfbX\xf5o\xe9\xfc\x01`\xd9n\xa8\
\xfe\xa3\xfa\xe4F\x1f<k\x03\xf7N\xaaoT\xf7T\
o\xdd\xe8\x8b\x00\x80\x85xK\xf5\x89\x86\xc5\xf8\x8f4\
\xfc\x82\xe0\x94\xd6[\x00l\xab~X\xdd9S4\x00\
`\xd1\xae\xab.\xab\x1ej\x1d\xeb\x02\xd6\xb3\x06`[\
\xf5`u\xf3\xe6r\x01\x00#\xf8\x97\x86\xe9\xfaWO\
v\xd3\xa9F\x00V\xaa\xfb\x1a\x86\x16\x00\x80\xd3\xdf\xce\
\x86\xc5\xfa\x0fv\x92\xe9\x80S\x15\x00\xf7Tw\xcf1\
\x14\x00\xb0xWWo\xaf\x1e>\xd1\x0d'+\x00\xfe\
\xb1\xfa\xe7y'\x02\x00Fq}\xf5L\xf5\xd4Z\x1f\
\x9eh\x0d\xc0\xa5\xd5\xe3\xd5\xf9\x0b\x0a\x05\x00,\xdeK\
\xd5\xdfW\xcf\xad\xfe`\xad}\x00V\x1aV\xfc\xeb\xfc\
\x01\xe0\xcd\xed\xfc\xea\xfe\xd6\xf8\xc2\xbfV\x01pG6\
\xf9\x01\x803\xc5\x8d\xd5?\xad\xbe\xb8\xba\x22\xd8\xdep\
\x1e\xf1Ec$\x02\x00Fq\xa0\xba\xbc:t\xec\xc2\
\xea\x11\x80/\xa5\xf3\x07\x803\xcd\x8e\xea\x0b\xd3\x17\xa6\
G\x00\xce\xab~\x97#}\x01\xe0Lt\xb0\xba\xa4:\
\x5c\xaf\x1f\x01\xb8+\x9d?\x00\x9c\xa9\xb67\xb5\xa5\xff\
\xf4\x08\xc0\x93\xd5U\xa3\xc7\x01\x00\xc6\xb2\xaf\xdaU\xc7\
G\x00\xaeM\xe7\x0f\x00g\xba+\xabk\xeax\x01p\
\xcb\xf2\xb2\x00\x00#\xba\xb5\x8e\x17\x00\xff\xb0\xc4 \x00\
\xc0x>\x5c\xc3\x1a\x80\x1d\xd5\x1fZ\xdf\xd1\xc0\x00\xc0\
\x9b\xdb\x91j\xc7\xa4\xda\x9d\xce\x1f\x00\xb6\x8a\x95j\xf7\
$\x8b\xff\x00`\xab\xd95i\xd8\x1a\x10\x00\xd8:.\
\x9fT\x97-;\x05\x000\xaa\x9d\x93\xec\xfd\x0f\x00[\
\xcdE\x93\xea\xdce\xa7\x00\x00Fu\xeeJ\xf5J\xb5\
m\xd9I\x00\x80\xd1\xbc\xb2\xfa8`\x00`\x0b\x98T\
//;\x04\x000\xaa\xc3\x93\x8e\x9e\x0b\x0c\x00l\x19\
\x87'\xd5\xf3\xcbN\x01\x00\x8c\xea\xf9I\xf5\xcc\xb2S\
\x00\x00\xa3\xda?\xa9\xf6/;\x05\x000\xaa\xfd\x93\xea\
\xa9e\xa7\x00\x00F\xb5\xd7q\xc0\x00\xb0\xb5\xbcV\xbd\
cR\x1d\xa8\xf6.9\x0c\x000\x8e':\xba\x08\xb0\
\xea\xe1e&\x01\x00F\xf3H\x0d\x1b\x01U\xedYb\
\x10\x00`<{\xea\xf5\xf3\xfeOVW-'\x0b\x00\
0\x82}\xd5\xae:>\x02P\xf5\xc0r\xb2\x00\x00#\
\xf9\xfe\xb1?\xa6G\x00\xce\xad~_]8z\x1c\x00\
`\xd1\x0eV\x97t\xf4\x08\x80\xe9\x11\x80\xc3\xd5\xbdK\
\x08\x04\x00,\xde7\x9b:\xffg\xf5o\xff/l\xd8\
\x19\xf0\xe21\x13\x01\x00\x0b\xf5\xc7\xea\xf2\xea\xa5c\x17\
\xceZu\xc3_\xaa\x17\xaa\x8f\x8c\x18\x0a\x00X\xac\xcf\
V\xbf\x9c\xbe\xb0\xd6\xee\x7f+\xd5c\xd5\x0dc$\x02\
\x00\x16\xea\xd1\xeaC\xd5\x91\xe9\x8b'\xda\xfe\xf7\xd2\xea\
\xf1\xea\xfc\xc5f\x02\x00\x16\xe8P\xf5\x81\xea\xb9\xd5\x1f\
L\xdexoU\xcfV\x9fYd\x22\x00`\xe1\xeeh\
\x8d\xce\xbf\xde\xb8\x06`\xda\xbe\xea\xbc\xea\xbaE$\x02\
\x00\x16\xea\xab\x9d\xe4\xd7}'+\x00j8#\xe0]\
\xd5\xfb\xe7\x99\x08\x00X\xa8=\xd5\xe7Z5\xef?m\
=G\x00\x9f]\xfd\xb4\xbayN\xa1\x00\x80\xc5\xf9Y\
\xf5\xf1\xea\xd5\x93\xddt\xaa\x11\x80\x1a\xce\x0d\xfeI\xf5\
\xce\xea\x9a\xcd\xe7\x02\x00\x16\xe4G\xd5\xad\x9d\xa2\xf3\xaf\
\xf5\x15\x005\x14\x01\x0fUo\xaf\xae\x9f=\x17\x00\xb0\
\x00G\xaa\xaf5\x0c\xfb\xffm=\x0f\xacg\x0a`\xb5\
\x8fV\xf7\xe5\xcc\x00\x008\x1d\xfc\xa9\xba\xb3a\xb4~\
\xddf)\x00\xaa\xde]\xdd_\xdd8\xe3\xf3\x00\xc0\xe6\
=Z}\xba\xfa\xedF\x1f<\xd1>\x00\xa7\xf2\x5c\xf5\
\xc1\xea\xb6\xea\xc0\x8cm\x00\x00\xb39X\xdd\xdd\xb0\xc3\
\xdf\x86;\xffZ\xff\x1a\x80\x13y\xa2\xfa^\xf5\xe7\xea\
}\xd5\xdb6\xd9\x1e\x00pb/T_iX\xe8\xf7\
\x8b\xcd44\xeb\x14\xc0Z\xce\xa9\xee\xaan\xafv\xcd\
\xb1]\x00\xd8\xea\x9ejX\x7f\xf7\xdd\xea\xe5y48\
\xcf\x02`\xda5\x0d\xd5\xc9M\xd5\xd5\xcd>\xd5\x00\x00\
[\xd1k\xd5o\x1a6\xe4\xdbS\xfdz\xde/XT\
\x010\xed\xa2jwueuE\xb5\xb3\xda^]\xd0\
0j\xb0m\x84\x0c\x00p\xba\xf9k\xc3\xb7\xf9C\x0d\
s\xfa\xfb\xab\xa7\xab\xbd\x0d\xa7\xf2>\xbf\xbch\x00\x00\
\x00\x00\x00\x00\x00\x00\x00\x00\x00\x00\x00\x00\x00\x00\x00\x00\
\x00\x00\x00\x00\x00\x00\x00\x00\x00\x00\x00\x00\x00\x00\x00\x00\
\x00\x00\x00\x00\x00\x00\x00\x00\x00\x00\x00\x00\x00\x00\x00\x00\
\x00\x00\x00\x00\x00\x00\x00\x00\x00\x00\x00\x00\x00\x00\x00\x00\
\x00\x00\x00\x00\x00\x00\x00\x00\x00\x00\x00\x00\x00\x00\x00\x00\
\x00\x00\x00\x00\x00\x00\x00\x00\x00\x00\x00\x00\x00\x00\x00\x00\
\x00\x00\x00\x00\x00\x00\x00\x00\x00\x00\x00\x00\x00\x00\x00\x00\
\x00\x00\x00\x00\x00\x00\x00\x00\x00\x00\x00\x00\x00\xeb\xf7\xff\
\x01TH\xf4\x84d\xd4\xf7\x10\x00\x00\x00\x00IEN\
D\xaeB`\x82\
\x00\x00 \xf6\
\x89\
PNG\x0d\x0a\x1a\x0a\x00\x00\x00\x0dIHDR\x00\
\x00\x02\x00\x00\x00\x02\x00\x08\x06\x00\x00\x00\xf4x\xd4\xfa\
\x00\x00\x00\x04sBIT\x08\x08\x08\x08|\x08d\x88\
\x00\x00\x00\x09pHYs\x00\x00\x0e\xc4\x00\x00\x0e\xc4\
\x01\x95+\x0e\x1b\x00\x00\x00\x19tEXtSof\
tware\x00www.inksca\
pe.org\x9b\xee<\x1a\x00\x00 \x00ID\
ATx\x9c\xed\xddk\xb4\x9dU}\xef\xf1\xef\xce\xfd\
\xbe\xb3\x93pKL\xb8\x83\xdcD\x10\xc2]\x02\x82X\
\x04\xa4-*\xa8\x85SGe\xa8\xb4^\xce\xa9\xa5=\
\xc3q\xea\xb1Z\xed\x8bv\xf4\x1cl\xab\xb5\xb5b\xad\
U[{\xbcT@n\x81#p@D+\xc8U\x08\
\xc8\xadFH\xc8M\x12\xd8\xc9\xcey1\x13\x0da\xef\
\xec\xb5\xf6^k\xfd\x9f9\xe7\xf73\xc6\x1c\xfb\x85\xc3\
\xc1o\xad\x95\xf5\xcc\xdf\x9a\xcf|\x9e\xa7\x0fI\xa5\x9b\
\x0e\x9c\x08\x9c\x06\x1c\x0e\x1c\x0c\xec\x01\xcc\xda\xf6\xbfo\
\x00V\x02\x0f\x02\xf7\x00\xcb\x81\xdb\x80M=O*I\
\x92\xc6\xed$\xe0\xf3\xc0:`k\x9bc-\xf09\xe0\
\x84^\x87\x96$Ics\x0ap3\xedO\xfa#\x8d\
\xe5\xa4\x15\x04I\x92\xd4@\x03\xc0\x95\xc0\x10\x9d\x9b\xfc\
\xb7\x8f!\xd2\x8a\xc0\xdc\x9e\xbd\x1aI\x924\xaa\xe3\x80\
\xc7\xe8\xfc\xc4\xbf\xf3X\x01\x1c\xd3\x9b\x97$I\x92v\
\xe5\x5c\xe0y\xba?\xf9o\x1f\x9b\x80\xdf\xec\xc9+\x93\
$I\xc3z30H\xef&\xff\xedc\x10K\x80$\
I!N'\xfd\x1a\xef\xf5\xe4\xbf\xe3J\xc0\xa9]\x7f\
\x95\x92$\xe9\x97^\x01<C\xdc\xe4\xbf}\xac\x04\x16\
v\xf9\xb5J\x92$\xa0\x8fti^\xf4\xe4\xbf}\x5c\
\xd7\xdd\x97+I\x92\x00.!~\xd2\xdfy\x5c\xd4\xd5\
W,IR\xe5\xa6\x01O\x13?\xe1\xef<\x9e\x00\xa6\
v\xf1uK\x92T\xb5\xf7\x12?\xd9\x8f4.\xed\xe2\
\xeb\x96$\xa9j\xf7\x10?\xd1\x8f4\xee\xed\xe2\xeb\x96\
$\xa9Z\xc7\x12?\xc9\x8f6\x8e\xea\xda\xab\x97\xd4Q\
\x13\xa2\x03Hj\xd9y\xd1\x01Z\xf0\xa6\xe8\x00\x92Z\
c\x01\x90\xf2qZt\x80\x16\xe4\x90Q\x12\xe9zb\
I\xcd7\x01\xf8\x05\xe9*\x80&\xdb\x08\xcc\x22==\
PR\x83\xb9\x02 \xe5ao\x9a?\xf9\x03L'\xdd\
\xa5PR\xc3Y\x00\xa4<,\x8e\x0e\xd0\x86%\xd1\x01\
$\x8d\xce\x02 \xe5avt\x806\xe4\x94U\xaa\x96\
\x05@\xca\xc3\xf4\xe8\x00m\x98\x19\x1d@\xd2\xe8,\x00\
R\x1er\xda\xb0\x9bSV\xa9Z\x16\x00I\x92*d\
\x01\x90$\xa9B\x16\x00I\x92*d\x01\x90$\xa9B\
\x16\x00I\x92*d\x01\x90$\xa9B\x16\x00I\x92*\
d\x01\x90$\xa9B\x16\x00I\x92*d\x01\x90$\xa9\
B\x16\x00I\x92*d\x01\x90$\xa9B\x16\x00I\x92\
*d\x01\x90$\xa9B\x16\x00I\x92*d\x01\x90$\
\xa9B\x16\x00I\x92*d\x01\x90$\xa9B\x16\x00I\
\x92*d\x01\x90$\xa9B\x16\x00I\x92*41:\
\x80\xa4\x11\xed\x05\x1c\x07\x9c\x0b\x5c\x00\x1c\x18\x1b\xa7e\
3\x81\x05\xc0,`#\xb0!6\x8e\xa4\xe1\xf4E\x07\
\x90\xc4$\xe0\x08\xe0x\xe0\xd5\xc0\xa1\xdb\xc6\xbc\xc8P\
\x1d\xb4\x1a\xb8\x17\xb8\x0f\xf8\x0f\xe0v\xe0\xc7\xc0\xe6\xc8\
PR\xed,\x00R\xef-!M\xf6\xc7\x01K\x81\xa3\
\x81\x19\xa1\x89z\xefy\xe0.\xe0{\xc0\x1d\xa4R\xf0\
Dh\x22\xa92\x16\x00\xa9\xfbv\x03\x96\x01g\x00'\
\x93~\xdd\xeb\xe5V\x00\xb7\x02\xb7\x00\xdf\x06\x9e\x8a\x8d\
#\x95\xcd\x02 u\xde\x14\xe04\xe0,\xe0u\xa4\xe5\
}\xbfk\xed\xd9\x0a\xdc\x0d\xdc\x00\x5c\x03\xdc\x04\x0cF\
\x06\x92$i83H\x9b\xf5\xbe\x00\xac!M`\x8e\
\xce\x8d\x0d\xc0\xb7\x80\x8b\x81\xfe\x16?\x13I\x92\xbab\
\x1ep)p5\xb0\x89\xf8I\xb2\x96\xb1\x09\xb8\x0ax\
\x1700\xea\xa7$IR\x07L%\xfd\xd2\xff*\xf0\
\x02\xf1\x93a\xedc\x13\xbfZ\x19\xa8m#\xa5$\xa9\
\xcb\xfa\x80S\x80\xcf\x90.i\x8b\x9e\xf4\x1c\xc3\x8fU\
\xc0\xdf\x00'\x0d\xff1J\x92\xd4\x9a9\xa4%\xfe{\
\x88\x9f\xdc\x1c\xed\x8d\x07\x81\xcb)\xe7^\x0a\x92\xa4\x1e\
8\x04\xf8_\xc0z\xe2'2\xc7\xf8\xc6F\xd2\xc6\xcc\
W#I\xd20&\x02o\x01n#~\xd2rtg\
\xdc\x02\xfc&>\x03E\x92D\xbaf\xffb\xe0~\xe2\
'(Go\xc6#\xc0\xfb\x81\xe9H\x92\xaa3\x9b4\
\x09<I\xfc\x84\xe4\x88\x19+\x81\x8f\xe0\xa5\x84\x92T\
\x85~\xe0\xa3\xc0Z\xe2' G3\xc6\x1a\xe0\x8fI\
\x9b>%I\x85\x99A\xfa\xc5\xbf\x92\xf8\x09\xc7\xd1\xcc\
\xb1\x8at\xe5\x80\xa7\x06$\xa9\x00\x93I\x97\xf2=E\
\xfc\x04\xe3\xc8c\xfc\x9cT\x04\xa6\x22I\xca\xd2[H\
O\x98\x8b\x9eP\x1cy\x8eG\x80\x0b\x90$e\xe3(\
\xe0f\xe2'\x10G\x19\xe3&\xe0H$I\x8d5\x9f\
t\x03\x9f\xcd\xc4O\x1a\x8e\xb2\xc6\x16\xd2\x0d\x85vG\
\x92\xd4\x18\x13\x81\x0f\xe0cx\x1d\xdd\x1f\xab\x81\xdf#\
\xfd\x9b\x93$\x05z\x15p\x07\xf1\x13\x83\xa3\xae\xf1\x03\
\xe0h$I=7\x8dt\x13\x17\x1f\xc9\xeb\x88\x1a\x83\
\xc0'I\xff\x16%I=p\x0a\xde\xba\xd7\xd1\x9c\xf1\
0\xf0:$I]3\x03\xf8+`\x88\xf8\x83\xbe\xc3\
\xb1\xe3\x18\x22m@\xf5&B\x92\xd4aG\x00w\x13\
\x7f\xa0w8v5\xee\xc3\xbd\x01\xca\x84;Y\xd5t\
\x13\x80\xf7\x01\xff\x02,\x0c\xce\x22\x8df7\xe0\x9d\xa4\
c\xebwI\xa5@\x92\xd4\xa6}\xf9\xd5A\xd4\xe1\xc8\
m,\x07\x96 Ij\xcb\x1bI\xd7\x5cG\x1f\xc4\x1d\
\x8e\xf1\x8cg\x81_Cj O\x01\xa8i&\x92\x1e\
\xcd\xfai\xd2\xa6?)g3\x80\xb7\x916\x07.'\
\x95\x02\xa9\x11\xfa\xa2\x03H;X\x00|\x0983:\
\x88\xd4\x05\xcb\x81\x8bH\x8f\xa4\x96\xc2Y\x00\xd4\x14'\
\x01_\x01\x16E\x07\x91\xba\xe8\x09\xd2S*o\x8f\x0e\
\x22M\x88\x0e \x91~\x15]\x8f\x93\xbf\xca\xb7\x98\xf4\
t\xc1K\x82sH\xee\x01P\xa8>\xd2\xed|\xaf\x00\
&\xc5F\x91zf\x12p>0\x0f\xb8\x16\xf7\x05(\
\x88\xa7\x00\x14e&\xf0E\xd2\x81P\xaa\xd5\xd7\x80\x8b\
\x81\xe7\xa3\x83\xa8>\x16\x00EX\x08|\x13xMt\
\x10\xa9\x01~\x04\x9cK\xda\x1f \xf5\x8c\x05@\xbdv\
8\xf0\x1d\xbc\xab\x9f\xb4\xa3'\x80\xb3H\x0f\xb9\x92z\
\xc2M\x80\xea\xa5\xa5\xa4K\xa1\x9c\xfc\xa5\x97Z\x0c\xdc\
\x0a\x9c\x18\x1dD\xf5\xb0\x00\xa8W^G\xda\xe9\xbf \
:\x88\xd4P\x03\xa4M\x81o\x88\x0e\xa2:X\x00\xd4\
\x0bo\x03\xae\x06fG\x07\x91\x1an&\xf0\x0d\xe0\xad\
\xd1AT>/\x03T\xb7\xbd\x17\xf8,^\xe6'\xb5\
j\x22\xf0\x1b\xc0\xcf\x80\xbb\x82\xb3\xa8`\x16\x00u\xd3\
\xa5\xc0_\xe3J\x93\xd4\xae>\xe0\x1c\xd2\xc3\x84\xee\x0c\
\xce\xa2BY\x00\xd4-\x97\x92\x1e\xe8\xe3\x95&\xd2\xd8\
\xf4\x91\x9e$\xf8\x0c\x96\x00u\x81\x05@\xdd\xf0.\xe0\
38\xf9K\xe3\xd5\x07\x9c\x8d%@]`\x01P\xa7\
9\xf9K\x9de\x09PWX\x00\xd4I\xef$m\xf8\
s\xf2\x97:k{\x09X\x01\xdc\x1d\x9cE\x85\xf0@\
\xadN9\x17\xf87\xdc\xed/u\xd3 \xf0\xeb\xc0\xb7\
\xa3\x83(\x7f\x16\x00u\xc2\xf1\xc0\x0d\xc0\x8c\xe8 R\
\x056\x02\xaf\x07n\x89\x0e\xa2\xbcY\x004^\x87\x03\
\xff\x97t\x173I\xbd\xb1\x168\x95\xf4 !iL\
,\x00\x1a\x8f}I\xf7/\xdf+:\x88T\xa1\xa7\x80\
\x93\x80\x9fF\x07Q\x9e,\x00\x1a\xab9\xa4\xc9\xff\xf0\
\xe8 R\xc5\xee'=@hMt\x10\xe5\xc7;\xb4\
i,&\x02_\xc2\xc9_\x8av\x08\xf0e\xdc|\xab\
1\xf02@\x8d\xc5\x15\xc0\xdb\xa3CH\x02\xe0\x00\xa0\
\x1f\xb8&:\x88\xf2b\x01P\xbb~\x17\xf8\xe3\xe8\x10\
\x92^\xe2x\xe0\xe7\xc0\xf7\xa3\x83(\x1f\xee\x01P;\
\xce\x02\xfe\x1d\x97\x1b\xa5&\x1a$=;\xe0\x86\xe8 \
\xca\x83\x05@\xad\xda\x9b\xf4h\xd2\xf9\xd1A$\x8dh\
5p\x0c\xf0ht\x105\x9f\x9b\x00\xd5\x8a\xa9\xc0\xd7\
p\xf2\x97\x9an\x1eiS\xe0\xd4\xe8 j>\xf7\x00\
\xa8\x15\x7fE\xba\xd5\xaf\xa4\xe6[D\xda\x14xut\
\x105\x9b\x05@\xa3\xb9\x08\xf8Dt\x08Im9\x0e\
x\x04\x1f\x1c\xa4]p\x0f\x80v\xe5`\xd2\xe3Gg\
G\x07\x91\xd4\xb6\x0d\xa4\x22p_t\x105\x93\x05@\
#\x99N\x9a\xfc\x0f\x8b\x0e\x22i\xcc\xee\x06\x96\x02/\
D\x07Q\xf3x\x0a@#\xf9\x0b\xe0\x9c\xe8\x10\x92\xc6\
e\x0fR\x99\xbf6:\x88\x9a\xc7\x15\x00\x0d\xe7L\xe0\
;\xf8\xefC*\xc1\x10\xe9;}ct\x105\x8b\x07\
x\xedl\x80\xf4\x88\xd1\xc5\xd1A$u\xccS\xc0\xab\
H\xf7\x09\x90\x00\xef\x03\xa0\x97\xfb4N\xfeRi\x16\
\x91\x9e\xe1!\xfd\x92{\x00\xb4\xa3\xdf\x02>\x1c\x1dB\
RW\x1cAz|\xf0\xbd\xd1A\xd4\x0c\x9e\x02\xd0v\
\xf3I\x07\x87\xdd\xa2\x83H\xea\x9agI\x8f\x10~6\
:\x88\xe2\xb9\x02\xa0\xed>Kz\xa2\x98\xa4r\xcd\x00\
\x16\x00\xdf\x8c\x0e\xa2x\xae\x00\x08\xd2S\xfe|\x96\xb8\
T\x87\xad\xc0\xeb\x81\xeb\xa3\x83(\x96\x05@3\x80{\
\x80\xfd\xa2\x83H\xea\x99\x9f\x00G\x02\x1b\xa3\x83(\x8e\
\xa7\x00\xf4\x09\xe0\x8d\xd1!$\xf5\xd4|\xd2U`7\
D\x07Q\x1cW\x00\xeav8\xf0C`Rt\x10I\
=7H\xba7\xc0\x03\xd1A\x14\xc3\xfb\x00\xd4\xed\xcf\
q\xf2\x97j5\x19\xef\x0dP5\x0b@\xbd\xce'm\
\x04\x92T\xaf3\x80_\x8b\x0e\xa1\x18\x9e\x02\xa8\xd3\x14\
\xe0\xc7\xc0\x81\xd1A$\x85{\x80t*`0:\x88\
z\xcbM\x80u\xfa\x10\xf0\x96\xe8\x10\x92\x1aa\x01\xe9\
\x19\x01\xb7G\x07Qo\xb9\x02P\x9f=\x80\x87\x809\
\xd1A$5\xc6s\xc0Ax\x87\xc0\xaa\xb8\x02P\x9f\
O\x00\xaf\x8d\x0e!\xa9Q\xa6\x93\xf6\x84]\x17\x1dD\
\xbd\xe3\x0a@]\x96\x90~\xfdO\x8d\x0e\x22\xa9q6\
\x01\x07\x90\x1e\x1d\xac\x0a\xb8\x02P\x97?\x07\x8e\x8d\x0e\
!\xa9\x91&\x91~\x1c\x5c\x15\x1dD\xbd\xe1\x0a@=\
\x0e =\xed\xcf\xeb\xfe%\x8dd\x10x%\xb0\x22:\
\x88\xba\xcf\x15\x80z\x5cA\xba\xf7\xb7$\x8dd\x22i\
\x83\xf07\xa2\x83\xa8\xfb\x5c\x01\xa8\xc3a\xc0\xddx\xe3\
'I\xa3\xdbL:f<\x14\x1dD\xdd\xe5\x84P\x87\
\xcb\xf1\xb3\x96\xd4\x9aI\xa4{\x85\xa8p\xae\x00\x94\xef\
\x15\xc0#\xa4\xbb\xffIR+^ =\x22\xfc\xe9\xe8\
 \xea\x1e\x7f\x15\x96\xef\xbf\xe1\xe4/\xa9=S\x81\xf7\
E\x87Pw\xb9\x02P\xb6\x01\xe0q`Vt\x10I\
\xd9YG\xbaw\xc8\xda\xe8 \xea\x0eW\x00\xcav\x19\
N\xfe\x92\xc6f\x0epit\x08u\x8f+\x00\xe5\x9a\
J\xfa\xf5\xbf{t\x10I\xd9z\x1a\xd8\x07\x9f\x14X\
$W\x00\xca\xf5f\x9c\xfc%\x8d\xcfB\xe0\xd7\xa3C\
\xa8;,\x00\xe5zOt\x00IE\xf0XR(O\
\x01\x94\xe9U\xc0\x8f\xa2CH*\xc6\x11\xc0\x8f\xa3C\
\xa8\xb3\x5c\x01(\xd3\xbb\xa3\x03H*\x8a\x9b\x01\x0b\xe4\
\x0a@yf\x91\x1e\xe79':\x88\xa4b\xac\x05\x16\
\x01\xbf\x88\x0e\xa2\xceq\x05\xa0<o\xc7\xc9_Rg\
\xf5\x03\x17E\x87PgY\x00\xcasIt\x00IE\
\xba8:\x80:\xcbS\x00e\xd9\x1f\xf8\x09~\xae\x92\
:o+\xe9\x18\xf3ht\x10u\x86+\x00ey\x07\
N\xfe\x92\xba\xa3\x0fO\x03\x14\xc5\xc9\xa2,\x0f\x00\x07\
G\x87\x90T\xac\xfb\x81C\xa3C\xa83\x5c\x01(\xc7\
q8\xf9K\xea\xaeC\x80\xa3\xa3C\xa83,\x00\xe5\
xGt\x00IUx{t\x00u\x86\xa7\x00\xca0\
\x01x\x12\xd8+:\x88\xa4\xe2=\x05,&m\x0aT\
\xc6\x5c\x01(\xc3R\x9c\xfc%\xf5\xc6\x22\xe0\xa8\xe8\x10\
\x1a?\x0b@\x19\xce\x8b\x0e \xa9*o\x8a\x0e\xa0\xf1\
\xb3\x00\x94\xc1/\xa3\xa4^\xf2\x98S\x00\xf7\x00\xe4o\
\x7f\xe0\xe1\xe8\x10\x92\xaa\xb3\x1f\xde\x14(k\xae\x00\xe4\
\xef\xfc\xe8\x00\x92\xaatnt\x00\x8d\x8f\x05 \x7fo\
\x8c\x0e \xa9J\xe7D\x07\xd0\xf8x\x0a o\xd3\x80\
\xe7\xb6\xfd\x95\xa4^\xda\x04\x0cl\xfb\xab\x0c\xb9\x02\x90\
\xb7Sp\xf2\x97\x14c\x1ap|t\x08\x8d\x9d\x05 \
o\xa7E\x07\x90T5\x8fA\x19\xb3\x00\xe4\xedu\xd1\
\x01$U\xcdcP\xc6\xdc\x03\x90\xaf~`\x1501\
:\x88\xa4jm\x06\xe6\x01\xeb\xa3\x83\xa8}\xae\x00\xe4\
\xeb\xb58\xf9K\x8a5\x89\xb4\x17I\x19\xb2\x00\xe4\xeb\
\xe4\xe8\x00\x92\x04\x9c\x18\x1d@cc\x01\xc8\xd7\xd2\xe8\
\x00\x92\x84\xc7\xa2l\xb9\x07 O\x13H\xd7\xff\xcf\x89\
\x0e\x22\xa9zkI\xfb\x00\x86\xa2\x83\xa8=\xae\x00\xe4\
\xe9\x10\x9c\xfc%5C?p`t\x08\xb5\xcf\x02\x90\
'\x97\xdc$5\x89\xc7\xa4\x0cY\x00\xf2tlt\x00\
I\xda\x81\xc7\xa4\x0cY\x00\xf2tLt\x00I\xda\x81\
\x05 Cn\x02\xccO\x1f\xb0\x0e\x98\x15\x1dD\x92\xb6\
Y\x07\xcc\x05\xb6F\x07Q\xeb\x5c\x01\xc8\xcf\xde8\xf9\
Kj\x969\xc0\xa2\xe8\x10j\x8f\x05 ?\x87F\x07\
\x90\xa4axl\xca\x8c\x05 ?~\xc9$5\x91\xc7\
\xa6\xccX\x00\xf2sHt\x00I\x1a\x86\xc7\xa6\xccX\
\x00\xf2c\xcb\x96\xd4D\x16\x80\xccX\x00\xf2sPt\
\x00I\x1a\xc6\xc1\xd1\x01\xd4\x1e/\x03\xcc\xcb,|\xee\
\xb6\xa4f\xda\x0a\xcc\x046F\x07Qk\x5c\x01\xc8\xcb\
\x92\xe8\x00\x924\x82>`qt\x08\xb5\xce\x02\x90\x17\
\x0b\x80\xa4&\xf3\x18\x95\x11\x0b@^\xfcrIj2\
\x8fQ\x19\xb1\x00\xe4\xc5\xe55IMf\x01\xc8\x88\x05\
 /\x16\x00IM\xe61*#\x16\x80\xbc\xec\x19\x1d\
@\x92va\xaf\xe8\x00j\x9d\x05 /\xf3\xa3\x03H\
\xd2.\xcc\x8b\x0e\xa0\xd6Y\x00\xf22\x10\x1d@\x92v\
\xc1cTF,\x00y\xb1]Kj2\x8fQ\x19\xf1\
N\x80\xf9\x98\x08\xbc\x88\xa5MRsm\x01\xa6\x00C\
\xd1A4:'\x93|\xcc\xc5\xcfKR\xb3M\x04\xe6\
D\x87Pk\x9cP\xf2\xe1\xd2\x9a\xa4\x1cx\xac\xca\x84\
\x05 \x1f3\xa3\x03HR\x0bfE\x07Pk,\x00\
\xf9\x98\x12\x1d@\x92Z\xe0\xb1*\x13\x16\x80|\xf8\xa5\
\x92\x94\x03\x8fU\x99\xb0\x00\xe4crt\x00Ij\x81\
\x05 \x13\x16\x80|\xf8\xa5\x92\x94\x03\x8fU\x99\xb0\x00\
\xe4\xc3/\x95\xa4\x1cx\xac\xca\x84\x05 \x1f\x9e\x02\x90\
\x94\x03\x0b@&,\x00\xf9\x98\x18\x1d@\x92Z\xe0\xb1\
*\x13\x16\x00I\x92*d\x01\x90$\xa9B\x16\x00I\
\x92*d\x01\x90$\xa9B\x16\x00I\x92*d\x01\x90\
$\xa9B\x16\x00I\x92*d\x01\x90$\xa9B\x16\x00\
I\x92*d\x01\x90$\xa9B\x16\x00I\x92*d\x01\
\x90$\xa9B\x16\x00I\x92*d\x01\x90$\xa9B\x16\
\x00I\x92*d\x01\x90$\xa9B\x16\x00I\x92*d\
\x01\x90$\xa9B\x16\x00I\x92*d\x01\x90$\xa9B\
\x16\x00I\x92*d\x01\x90$\xa9B\x16\x00I\x92*\
d\x01\x90$\xa9B\x16\x00I\x92*d\x01\x90$\xa9\
B\x16\x00I\x92*d\x01\x90$\xa9B\x16\x00I\x92\
*d\x01\x90$\xa9B\x16\x00I\x92*d\x01\x90$\
\xa9B\x16\x00I\x92*d\x01\x90$\xa9B\x16\x00I\
\x92*d\x01\x90$\xa9B\x16\x00I\x92*d\x01\x90\
$\xa9B\x16\x00I\x92*d\x01\x90$\xa9B\x16\x00\
I\x92*d\x01\x90$\xa9B\x16\x00I\x92*d\x01\
\x90$\xa9B\x16\x00I\x92*d\x01\x90$\xa9B\x16\
\x00I\x92*d\x01\x90$\xa9B\x16\x00I\x92*d\
\x01\x90$\xa9B\x16\x00I\x92*d\x01\x90$\xa9B\
\x16\x00I\x92*d\x01\x90$\xa9B\x16\x00I\x92*\
d\x01\x90$\xa9B\x16\x00I\x92*d\x01\x90$\xa9\
B\x16\x80|\xf4E\x07\x90\xa4\x16x\xac\xca\x84\x05 \
\x1fS\xa2\x03HR\x0b&G\x07Pk,\x00\xf9\x98\
\x1a\x1d@\x92Z\xe0\xb1*\x13\x16\x80|L\x8b\x0e \
I-\xb0\x00d\xc2\x02\x90\x0f\xbfT\x92r\xe0\xb1*\
\x13\x16\x80|\xf8\xa5\x92\x94\x03\xf7+e\xc2\x02\x90\x0f\
\x0b\x80\xa4\x1cx\xac\xca\x84\x05 \x1f~\xa9$\xe5\xc0\
cU&,\x00\xf9\x98\x1e\x1d@\x92Z0#:\x80\
Zc\x01\xc8\xc7n\xd1\x01$\xa9\x05\x0b\xa2\x03\xa85\
\x16\x80|X\x00$\xe5\xc0cU&,\x00\xf9\xf0K\
%)\x07\x1e\xab2a\x01\xc8\x87_*I9\xf0X\
\x95\x09\x1f\xda\x90\x8fM\xb8\xbbVR\xf3m\xc4\x8d\x80\
Yp\x05 \x0fsp\xf2\x97\x94\x87\xe9\xc0\xcc\xe8\x10\
\x1a\x9d\x05 \x0f.\xa9I\xca\x89\xc7\xac\x0cX\x00\xf2\
\xb0Wt\x00Ij\xc3\xc2\xe8\x00\x1a\x9d\x05 \x0f\x07\
D\x07\x90\xa46\xec\x17\x1d@\xa3\xb3\x00\xe4a\xff\xe8\
\x00\x92\xd4\x06\x7f\xb4d\xc0\x02\x90\x07\x0b\x80\xa4\x9cx\
\xcc\xca\x80\x05 \x0f\xb6iI9\xb1\x00d\xc0\x02\x90\
\x07\xbfL\x92r\xe21+\x03\xde\x08\xa8\xf9\xe6\x02\xcf\
E\x87\x90\xa46\xcd\x01\xd6G\x87\xd0\xc8\x5c\x01h>\
\x97\xff%\xe5\xc8U\x80\x86\xb3\x004\xdf\xe1\xd1\x01$\
i\x0c<v5\x9c\x05\xa0\xf9\x8e\x8a\x0e Ic\xe0\
\xb1\xab\xe1,\x00\xcdwtt\x00I\x1a\x03\x0b@\xc3\
\xb9\x09\xb0\xd9\xfa\x805\xa4\xcd4\x92\x94\x93\xb5\xc0\x00\
\xb05:\x88\x86\xe7\x0a@\xb3\x1d\x88\x93\xbf\xa4<\xf5\
\x03\xfbF\x87\xd0\xc8,\x00\xcd\xe6\x12\x9a\xa4\x9cy\x0a\
\xb3\xc1,\x00\xcdf\x01\x90\x943\x8fa\x0df\x01h\
6\xdb\xb3\xa4\x9c\xbd&:\x80F\xe6&\xc0\xe6\x9a\x04\
\xac\x06fG\x07\x91\xa41Z\x0f\xcc\x036G\x07\xd1\
\xcb\xb9\x02\xd0\x5cKq\xf2\x97\x94\xb7\xd9\xb8\x92\xd9X\
\x16\x80\xe6Z\x16\x1d@\x92:`Yt\x00\x0d\xcf\x02\
\xd0\x5c\xcb\xa2\x03HR\x07\x9c\x1a\x1d@\xc3s\x0f@\
3M&=\x01pft\x10I\x1a'\xf7\x014\x94\
+\x00\xcd\xb4\x14'\x7fIep\x1f@CY\x00\x9a\
iYt\x00I\xea\xa0e\xd1\x01\xf4r\x16\x80fz\
}t\x00I\xea \x8fi\x0d\xe4\x1e\x80\xe6\x99\x0f\xfc\
\x8ct\x1f\x00I*\xc1f`w\xd2\xde&5\x84+\
\x00\xcds\x1eN\xfe\x92\xca2\x098;:\x84^\xca\
\x02\xd0<o\x8a\x0e I]\xe0\xb1\xada<\x05\xd0\
,\xd3\x81g\xf0\x0a\x00I\xe5\xd9\x00\xec\x06l\x8a\x0e\
\xa2\xc4\x15\x80f9\x13'\x7fIe\x9a\x85W\x034\
\x8a\x05\xa0Y\x5c\x22\x93T2\x8fq\x0d\xe2)\x80\xe6\
\x98\x04<E\xda)+I%z\x1aX\x02l\x89\x0e\
\x22W\x00\x9a\xe4\x0d8\xf9K*\xdbB\xe0\xf4\xe8\x10\
J,\x00\xcdqqt\x00I\xea\x01\x8fu\x0d\xe1)\
\x80f\xe8\x07\xfe\x93t\x15\x80$\x95\xecy`O\xd2\
C\x82\x14\xc8\x15\x80f\xb8\x08'\x7fIu\x98\x01\x5c\
\x10\x1dB\x16\x80\xa6pILRM<\xe65\x80\xa7\
\x00\xe2\x1d\x08<\x88\x9f\x85\xa4zl\x05\xf6\x07\x1e\x8d\
\x0eR3W\x00\xe2]\x82\x93\xbf\xa4\xba\xf4\x01\xbf\x15\
\x1d\xa2vN<\xb1\xa6\x02\x8f\x916\xc4HRM\x9e\
\x06\xf6\x01\x06\x83sT\xcb\x15\x80X\x17\xe2\xe4/\xa9\
N\x0b\x81\xdf\x88\x0eQ3\x0b@\xac\xcb\xa2\x03HR\
\xa0\xf7E\x07\xa8\x99\x05 \xce\xc9\xc0\xb1\xd1!$)\
\xd0\x89\xc0\xd2\xe8\x10\xb5\xb2\x00\xc4\xb1\xf9J\x12\xfc^\
t\x80Z\xb9\x090\xc6\x22\xd2\xe5/\x93\xa3\x83HR\
\xb0\x17\x81\xbd\x81\x9fE\x07\xa9\x8d+\x001.\xc3\xc9\
_\x92\x00\xa6\x00\xef\x8e\x0eQ#W\x00z\xaf\x9ft\
\xe9\xdf\xdc\xe0\x1c\x92\xd4\x14\xab\x81}\x81u\xd1Aj\
\xe2\x0a@\xef\xfdW\x9c\xfc%iG\xf3\x80\xdf\x8d\x0e\
Q\x1bW\x00z\xcb_\xff\x924\xbcU\xa4U\x00\x9f\
\x12\xd8#\xae\x00\xf4\xd6\x07q\xf2\x97\xa4\xe1\xcc\xc7{\
\xa3\xf4\x94+\x00\xbd\xd3O\xda\xf9?\x10\x1dD\x92\x1a\
\xcaU\x80\x1er\x05\xa0w>\x88\x93\xbf$\xed\xca|\
\xe0\xbd\xd1!j\xe1\x0a@o\x0c\x00+p\xf9_\x92\
F\xf3,\xb0\x1f\xae\x02t\xdd\xc4\xe8\x00\x95\xf8\x04\xb0\
,:\x84$e`\x06\xb0\x15\xb81:H\xe9\x5c\x01\
\xe8\xbe\xfd\x81{I\x8f\xfe\x95$\x8dn\x13p\x08\xe9\
\xaa)u\x89{\x00\xba\xef/p\xf2\x97\xa4vL#\
\xad\x9c\xaa\x8b\x5c\x01\xe8\xae\xd3p\x19K\x92\xc6b+\
\xf0Z\xe0\x96\xe8 \xa5\xb2\x00t\xcf\x04\xe0N\xe0\xe8\
\xe8 \x92\x94\xa9\xef\x01\xc7\x93\xca\x80:\xccS\x00\xdd\
\xf3;8\xf9K\xd2x,\x05\xde\x16\x1d\xa2T\xae\x00\
t\xc7\x00p?\xb0Gt\x10I\xca\xdc\x13\xc0ax\
Y`\xc7y\x19`w|\x0a8%:\x84$\x15\xa0\
\x1f\x98\x05\x5c\x1d\x1d\xa44\xae\x00t\xde2\xd2\xc6?\
\xdf[I\xea\x8c!\xd2\x86\xc0[\xa3\x83\x94\xc4I\xaa\
\xb3\xa6\x03w\x03\x07D\x07\x91\xa4\xc2<\x00\xbc\x1ax\
!:H)<\x05\xd0Y\x1f\x07\xce\x8d\x0e!I\x05\
Z\x00\x0c\x027G\x07)\x85+\x00\x9ds$\xe9\xb2\
\xbf\xc9\xd1A$\xa9P/\x02G\x01\xf7E\x07)\x81\
\x97\x01v\xc6$\xe0\x1fp\xf2\x97\xa4n\x9a\x02\xfc-\
\xce]\x1d\xe1)\x80\xce\xf8\x08\xf0\xd6\xe8\x10\x92T\x81\
%\xc0F\xdc\x108n\x9e\x02\x18\xbf\x93\x81\x9b\xb0L\
IR\xafl&]j}{t\x90\x9cY\x00\xc6g\
.\xf0\x1f\xc0\xde\xd1A$\xa92\x8f\x90\xee\xb6\xba.\
:H\xae\xfc\xd5:>\xff@Z\x01\x90$\xf5\xd6<\
`/\xe0\x1b\xd1Are\x01\x18\xbb\xdf\x01\xfe{t\
\x08I\xaa\xd8\xab\x81\x9f\x00\xf7D\x07\xc9\x91\xa7\x00\xc6\
\xe6\x00\xe0\x07\xc0\xec\xe8 \x92T\xb9\xb5\xa4K\x03\x1f\
\x8d\x0e\x92\x1b/\xa5h\xdf\x0c\xe0_p\xf2\x97\xa4&\
\xe8\x07\xbe\x0cL\x8b\x0e\x92\x1bO\x01\xb4\xa7\x0f\xf8\x02\
pFt\x10I\xd2/-\x22m\xc6\xfe?\xd1Ar\
b\x01h\xcf\x1f\x02\x1f\x88\x0e!Iz\x99#\x81\xd5\
\xc0\xf7\xa2\x83\xe4\xc2=\x00\xad{=p\x15\x96&I\
j\xaa\xcd\xa4c\xf5\xf2\xe8 9\xb0\x00\xb4\xe6 \xe0\
\x0e\xd2u\xff\x92\xa4\xe6Z\x05,\x05VD\x07i:\
7\x01\x8en6\xf0o8\xf9KR\x0e\xe6\x93\x8e\xd9\
3\xa2\x834\x9d\x05`\xd7&\x01\xff\x0c\x1c\x16\x1dD\
\x92\xd4\xb2#\x81+q\x8e\xdb%\xcfg\x8f\xac\x8f\xf4\
\xd4)\x1f\xf2#I\xf99\x14\xd8\x03\xf8vt\x90\xa6\
\xb2\x00\x8c\xecc\xc0\xfb\xa3CH\x92\xc6\xec\x18`\x10\
\xf8nt\x90&\xb2\x00\x0c\xef\xdd\xc0\x9fE\x87\x90$\
\x8d\xdb\xe9\xc0\x93\xc0\x0f\xa3\x834\x8dW\x01\xbc\xdcy\
\xa4\x0d$\x96#I*\xc3\x16\xe0\x02\xe0\xeb\xd1A\x9a\
\xc4\x02\xf0R\xaf\x05\xbe\x83\xb7\x94\x94\xa4\xd2l$\xdd\
\xc5\xf5\xb6\xe8 M\xe1\x0e\xc9_9\x0e\xf8&N\xfe\
\x92T\xa2\xe9\xc0\xb7\x80\xa3\xa3\x834\x85+\x00\xc9k\
\x80\xeb\x80\x81\xe8 \x92\xa4\xaeZC\xba[\xe0\x9d\xd1\
A\xa2\xb9\x02\xe0\xe4/I5\x99\x0b\x5cK\xba[`\
\xd5j/\x00'\x007\xe2\xe4/I5\x99K\xda\xef\
Uu\x09\xa8\xf9\x14\xc0\x09\xc05\xc0\x9c\xe8 \x92\xa4\
\x10kI\xa7\x03\xaa|\x82`\xad+\x00'\xe3\xe4/\
I\xb5\xeb'\xad\x04\x1c\x17\x1d$B\x8d\x05\xe0<\xd2\
\x07\xee\xe4/I\x9aK:\x15|Nt\x90^\xab\xed\
f7\xbf\x0d|\x11\x98\x1a\x1dD\x92\xd4\x18\x93I\xcf\
}Y\x09\xdc\x15\x9c\xa5gj*\x00\x97\x03WP\xe7\
\xaa\x87$i\xd7&\x90V\x01\xa6\x03\xd7\x07g\xe9\x89\
\x1a\x0a\xc0D\xe0o\x80?\x8c\x0e\x22Ij\xbc\x93\x81\
}HO\x11\x1c\x8a\x8d\xd2]\xa5_\x050\x03\xf8\x0a\
\x15\x9e\xdb\x91$\x8d\xcb\xb7\x80\x0b\x81\xe7\xa3\x83tK\
\xc9\x05\xa0\x9f\xd4\xe0N\x8a\x0e\x22I\xca\xd2wI?\
 \xd7E\x07\xe9\x86R\x0b\xc0\x00p5\x95^\xda!\
I\xea\x98\xbb\x807\x00\xcfF\x07\xe9\xb4\x12\x0b\xc0\x1e\
\xc0\x0d\xc0a\xd1A$IE\xf8\x11\xe9I\x82E\x95\
\x80\xd2\x0a\xc0t`9\xfe\xf2\x97$u\xd6-\xa4\x12\
\xf0Bt\x90N)\xe9\x92\xb8>\xe0\xefq\xf2\x97$\
u\xde\xc9\xc0\x95\x14\xf4\xc3\xb9\xa4\xcb\x00?\x0a\x5c\x16\
\x1dB\x92T\xac\xc3\x81\x17I\x9b\x03\xb3WJ\x939\
\x8dt\xde\xbf\x94\xd7#Ij\xa6!`\x19\x05\x94\x80\
\x12&\xcc\x99\xa4\x0d\x1a\xfbG\x07\x91$Ua\x05p\
$\xb0!:\xc8x\x94p\x0a\xe0S\xc0\x99\xd1!$\
I\xd5\x18 \xfd\xf8\xbc&:\xc8x\xe4\xbe\x02p\x02\
p+\xf9\xbf\x0eIR^\x86\x80c\x81\x1fD\x07\x19\
\xab\xdc\xaf\x02\xf88N\xfe\x92\xa4\xde\x9b\x00\xfcit\
\x88\xf1\xc8\xb9\x00\x9cE\xda\xfc'IR\x84\xb3\x80\xd3\
\xa3C\x8cU\xce\xbf\x9e\xef\x04\x8e\x89\x0e!I\xaa\xda\
\xff\x03N\x8c\x0e1\x16\xb9\xae\x00\x9c\x84\x93\xbf$)\
\xde\x09\xa4\xbd\x00\xd9\xc9\xb5\x00\xbc+:\x80$I\xdb\
d9'\xe5x\x0a\xa0\x1fx\x1a\x98\x11\x1dD\x92$\
\xd2\xfd\x00\x16\x91\xd9c\x83s\x5c\x01\xb8\x10'\x7fI\
Rs\xcc\x02.\x88\x0e\xd1\xae\x1c\x0b\xc0\xd9\xd1\x01$\
I\xdaIvsSn\xa7\x00&\x01\xab\x809\xd1A\
$I\xda\xc1:`\x010\x18\x1d\xa4U\xb9\xad\x00\x9c\
\x88\x93\xbf$\xa9y\xe6\x00K\xa3C\xb4#\xb7\x02p\
jt\x00I\x92F\xb0,:@;r+\x00\x87E\
\x07\x90$i\x04\x87F\x07hGn\x05 \xab7W\
\x92T\x95\xac\xe6\xa8\x9c6\x01N\x22]k95:\
\x88$I\xc3\xd8D\xba$pKt\x90V\xe4\xb4\x02\
\xb0\x08'\x7fIRsM\x03\x16F\x87hUN\x05\
\xa0?:\x80$I\xa3\xc8f\xae\xca\xa9\x00x\xf9\x9f\
$\xa9\xe9\xb2\x99\xab,\x00\x92$u\x8e+\x00]\xe0\
\xf9\x7fIR\xd3M\x8b\x0e\xd0\xaa\x9c\x0a\xc0/\xa2\x03\
H\x924\x8a\x0d\xd1\x01Z\x95S\x01\xc8\xe6M\x95$\
Uk}t\x80V\xe5T\x00\xb2yS%I\xd5Z\
\x17\x1d\xa0U9\x15\x80\x95\xd1\x01$I\x1a\xc5\xcf\xa3\
\x03\xb4*\xa7;\x01\x02<\x07\xcc\x8d\x0e!I\xd20\
V\x03\xf3\xa3C\xb4*\xa7\x15\x00\x80\x07\xa3\x03H\x92\
4\x82\x07\xa2\x03\xb4#\xb7\x02\x90\xd5\x9b+I\xaaJ\
V?Rs+\x00wD\x07\x90$i\x04\xb7G\x07\
hGn\x05\xe0\xc6\xe8\x00\x92$\x8d\xe0\x86\xe8\x00\xed\
\xc8m\x13 \xc0\x13\xc0+\xa2CH\x92\xb4\x83\xc7\x81\
\xbd\xa3C\xb4#\xb7\x15\x00\x80k\xa3\x03H\x92\xb4\x93\
\xefD\x07hW\x8e\x05\xe0K\xd1\x01$I\xda\xc9?\
E\x07hW\x8e\xa7\x00&\x00\x8f\x01\x8b\x83sH\x92\
\x04\xf0S`?`(:H;r\x5c\x01\x18\x02\xbe\
\x18\x1dB\x92\xa4m\xbeHf\x93?\xe4\xb9\x02\x00i\
\x13\xe0\xc3\xf8\x88`IR\xac\x17\x80\xfd\x81\xa7\xa2\x83\
\xb4+\xc7\x15\x00\x80'\x81/D\x87\x90$U\xefs\
d8\xf9C\xbe+\x00\x90\xce\xb7<\x08L\x8a\x0e\x22\
I\xaa\xd2 p0\xf0ht\x90\xb1\xc8u\x05\x00`\
\x05\xf0\xd9\xe8\x10\x92\xa4j}\x9aL'\x7f\xc8{\x05\
\x00`\x80\xf4|\x80\xdd\xa3\x83H\x92\xaa\xb2\x12x%\
\xb0&:\xc8XM\x8c\x0e0N\x9b\x80g\x81\xf3\xa3\
\x83H\x92\xaa\xf2n\xe0\xce\xe8\x10\xe3\x91\xfb\x0a\x00\xa4\
\xd7p\x15\xf0\x86\xe8 \x92\xa4*\xfc;p\x1e\xb05\
:\xc8x\x94P\x00\x00\xe6\x01?\x04\x96D\x07\x91$\
\x15\xedI\xe0(\xd2\xeas\xd6r\xde\x04\xb8\xa3\xd5\xc0\
;\x80\xcd\xd1A$I\xc5\xda\x0c\x5cH\x01\x93?\xe4\
\xbf\x07`G\x8f\x03\xcf\x00\xe7D\x07\x91$\x15g+\
\xf0\x1e\xe0\xeb\xd1A:\xa5\xa4\x02\x00\xf0\xfdm\x7f\x97\
E\x86\x90$\x15\xe7\x7f\x00\x7f\x19\x1d\xa2\x93J+\x00\
\x007\x03\xbb\x01K\xa3\x83H\x92\x8ap\x05\xf0G\xd1\
!:\xad\xc4\x02\x00p\xf5\xb6\xbf\xcb\x22CH\x92\xb2\
\xf7g\xc0\xefG\x87\xe8\x86R\x0b\x00\xc0M\xc0*\xd2\
\xe5\x81\xa5\x5c\xed I\xea\x8d\xad\xc0\x87\x80?\x89\x0e\
\xd2-5L\x8c\xe7\x01\x9f'\xdd5P\x92\xa4\xd1\xac\
\x02\xfe\x0b\xe9z\xffb\xd5P\x00\x00\x16\x03_\x06N\
\x8c\x0e\x22Ij\xb4;\x81\xb7\x92\xf1=\xfe[U\xf2\
)\x80\x1d\xad\x03\xfe\x11\xd8\x02\x1c\x8fO\x10\x94$\xbd\
\xd4F\xd2r\xff;I+\x00\xc5\xabe\x05`G\xfb\
\x03\xff\x1b8;:\x88$\xa9\x11n\x00.#=b\
\xbe\x1a\xa5\xdc\x09\xb0\x1d\x8f\x00o$\x15\x80\xdb\x82\xb3\
H\x92\xe2\xdcB\xda(~\x06\x95M\xfeP\xe7\x0a\xc0\
\xceN\x03.\x07\xce\xa4\xceB$I5\x19\x02\xae\x05\
>I\xbaoL\xb5,\x00\xbf\xb2\x10x3p\x09\xe9\
A\x0f\x92\xa4r\xdc\x0f|\x15\xb8\x92\x0a6\xf8\xb5\xc2\
\x020\xbc\xfd\x80\xd3\xb7\x8dSI\xe5@\x92\x94\x8f\xa7\
H\xbf\xf0o\xdc6\x9c\xf4wb\x01h\xcd\x5c\xe0 \
\xe0\x95\xa4G\x0e\xcf\x22\xddW`&0%0\x97$\
\xd5\xecE\xe0\x17\xc0s\xc0\x06\xe0\xa7\xa4s\xf9\x0f\x01\
k\x02sI\x92$I\x92$I\x92$I\x92$I\
\x92$I\x92$I\x92$I\x92$I\x92$I\x92\
$I\x92$I\x92$I\x92$I\x92$I\x92$\
I\x92$I\x92$I\x92$I\x92$I\x92$I\
\x92\xa4^\xea\x8b\x0e u\xc0\x19\xc0u\xd1!T\x95\
3\x80\x1b\xa2CH\xe3a\x01P\x09f\x03\xcf\x01\x13\
\xa3\x83\xa8\x0a[\x80\x01`}t\x10i<&D\x07\
\x90:`=\xf0\xe3\xe8\x10\xaa\xc6\x8fp\xf2W\x01,\
\x00*\xc5\xad\xd1\x01T\x0d\xff\xad\xa9\x08\x16\x00\x95\xe2\
\xfa\xe8\x00\xaa\x86\xfbMT\x04\xf7\x00\xa8\x14s\x80g\
\x81\xc9\xd1AT\xb4A`\x01\xb0.:\x884^\xae\
\x00\xa8\x14\xeb\x80;\xa2C\xa8x\xb7\xe1\xe4\xafBX\
\x00T\x92\xafE\x07P\xf1\xfe5:\x80\xd4)\x9e\x02\
PI\xf6\x02\x9e\xc0\xcb\x01\xd5\x1d[\x80E\xc0\xca\xe8\
 R'\xb8\x02\xa0\x92\xfc'\xf0\xdd\xe8\x10*\xd6r\
\x9c\xfcU\x10\x0b\x80J\xf3\xe5\xe8\x00*\x96\xff\xb6T\
\x14O\x01\xa84\xf3H+\x01S\xa2\x83\xa8(\x83\xc0\
\x9e\xc0\xea\xe8 R\xa7\xb8\x02\xa0\xd2\xac\xc6{\xb4\xab\
\xf3\xae\xc1\xc9_\x85\xb1\x00\xa8D\x9f\x8f\x0e\xa0\xe2\x5c\
\x19\x1d@\xea4O\x01\xa8D\x13\x81\x9f\x00\xfbF\x07\
Q\x11\x1e\x03\x0e ]\x05 \x15\xc3\x15\x00\x95h\x0b\
\xf0\xd7\xd1!T\x8c\xbf\xc4\xc9_\x05r\x05@\xa5\x9a\
\x03<\x0e\xf4G\x07Q\xd6\xd6\x01K\x80\xb5\xd1A\xa4\
Ns\x05@\xa5Z\x87{\x014~\x7f\x8b\x93\xbf\x0a\
\xe5\x0a\x80J\xb6\x0f\xf00\xde\x19Pc\xb3\x058\x10\
x4:\x88\xd4\x0d\xae\x00\xa8d\x8f\xe1\xbd\xdb5v\
_\xc1\xc9_\x05s\x05@\xa5\xdb\x0f\xb8\x0f\x98\x1a\x1d\
DYy\x118\x14x$:\x88\xd4-\xae\x00\xa8t\
+\x80\xcfD\x87Pv>\x85\x93\xbf\x0a\xe7\x0a\x80j\
0@:\x98\x0fD\x07Q\x16\xd6\x90\xae\xfb_\x15\x1d\
D\xea&7G\xa9\x06\x9bHe\xf7\x8c\xe8 \xca\xc2\
\x87\xf1v\xd2\xaa\x80+\x00\xaa\xc54\xe0A\xd25\xdd\
\xd2H\x1e\x03^\x09\xbc\x10\x9cC\xea:\xf7\x00\xa8\x16\
\x9b\x80\xcb\xa3C\xa8\xf1\xfe\x00'\x7fI*\xd2\xd7\x80\
\xad\x0e\xc70\xe3\xebH\x15\xf1\x14\x80j\xb3\x1bp\xef\
\xb6\xbf\xd2v\xcf\x02\x87\x03+\xa3\x83H\xbd\xe2)\x00\
\xd5\xe6\x19\xe0\x83\xd1!\xd48\x97\xe1\xe4/IU\xf0\
T\x80c\xfbp\xe9_U\xf2\x14\x80j\xb5'\xe9T\
\xc0\xbc\xe8 \x0a\xe5\xd2\xbf\xaa\xe5)\x00\xd5\xeag\xc0\
%\xc0Pt\x10\x85\x19\x22\xfd\x1bp\xf2W\x95\xbc\x11\
\x90j\xf6\x10\xa9\x04/\x0b\xce\xa1\x18\x1f\x06>\x17\x1d\
B\x92\x14\xa3\x0f\xf7\x03\xd48\xbe\x8e\xa7@U9\xbf\
\x00\x12\xcc\x06\xee\x00\x0e\x89\x0e\xa2\x9ex\x108\x0eX\
\x1b\x1dD\x8ad\x01\x90\x92\x83\x81\xef\x01s\xa2\x83\xa8\
\xab\xd6\x03\xc7\x93\x1e\x11-U\xcdM\x80R\xf2 \xf0\
\x0e`0:\x88\xbaf\x10\xb8\x10'\x7fI\xd20\xde\
\x0el!\xfe\x1c\xb5\xa3\xb3c\x0bi\xf2\x97$iD\
\xbfM\xbaD,z\xd2rtf\x0c\x01\x97\x22IR\
\x0b>@\xfc\xc4\xe5\xe8\xcc\xf8\x10\x92$\xb5\xe1O\x89\
\x9f\xbc\x1c\xe3\x1b\xff\xf3e\x9f\xaa$I-\xf88\xf1\
\x93\x98cl\xe3\xa3\xc3|\x9e\x92$\xb5\xec2\xdc\x18\
\x98\xd3\xd8\x0c\xbcg\xd8OR\x92\xa46\x9d\x0fl$\
~rs\xeczl\x02\xde2\xc2g(I\xd2\x98,\
\x03\xd6\x10?\xc99\x86\x1f\xeb\x803G\xfa\xf0$I\
\x1a\x8f#\x81\xc7\x89\x9f\xec\x1c/\x1d\x8f\x03\xaf\xda\xc5\
\xe7&I\xd2\xb8\xcd\x07\xae\x22~\xd2s\xa4q=\xb0\
\xc7.?1I\x92:\xa4\x0fx?\xf0\x22\xf1\x13`\
\xadc3\xf0\x11\xbc\xa5\xb9$)\xc0\xa9\xc0\xd3\xc4O\
\x86\xb5\x8d\x95x\xbe_\x92\x14lO\xd22t\xf4\xa4\
X\xcb\xb8\x16\x97\xfc%I\x0d\xd1\x07\x5c\x0c<C\xfc\
\x04Y\xeax\x8etO\x7f\x1fc.Ij\x9c=\x80\
/\x10?Y\x966\xbe\x0a\xec\xde\xc6\xe7 IR\x88\
\xb3\x81\xc7\x88\x9f8s\x1fO\x92n\xc2$IR6\
f\x91\x9e%\xb0\x81\xf8\x894\xb7\xb1\x1e\xf8\x180\xb3\
\xedw]\x92\xa4\x86X\x00|\x12o%\xdc\xcax\x01\
\xf8\x0cic\xa5$IEXL\x9a\xdc\x06\x89\x9fh\
\x9b6^$\xed\x9d\xd8w\xcc\xef\xae$I\x0dw\x10\
\xf09\xe0y\xe2'\xde\xe8\xf1<\xf0w\xc0\x01\xe3z\
G%I\xcaH?\xe9\xb2\xb6\xfb\x88\x9f\x88{=\x1e\
\x06.'\x9d\x1e\x91$\xa9J\x13\x803H\x97\xbam\
&~r\xee\xd6\xd8\x02\x5c\x07\xbc\x19\x98\xd8\x91wN\
\x92\xa4B\xecC\xfae\xfcC\xe2'\xecN\x8d\x1fl\
{M{w\xeem\x92$\xa9\x5c\x07\x01\x1f\x02n\x22\
\xaf\x8d\x83\x83\xc0r\xe0\xf7\x81\x03;\xfd\xa6H\xea\x0c\
o\xa9)\xe5a\x008\x8d\xf4\xf0\xa1S\x81#h\xce\
S\xf0\x86\x80\xbb\x81\x9b\xb7\x8d\xe5\xc0\x9a\xd0D\x92F\
e\x01~xf_\x00\x00\x00gIDAT\x90\xf2\
4\x17x\x0dp\xec\xb6\xbfG\x00\xfb\x01\x93\xbb\xfc\xdf\
\x1d\x04V\x00\xf7\x00\xdf\x07\xee\x04\xee\x02\xd6v\xf9\xbf\
+\xa9\xc3,\x00R9&\x93J\xc0A\xc0\x12`\x11\
\xf0\x0a\xd2=\xf4\x07\x80y\xdb\xfeN\x00\xa6\x01\xd3\xb7\
\xfd\xff6\x02\x9bH\xbf\xe4W\x93\x1e\xba\xf3\x1c\xf0s\
\xd2\xadx\x9f\x04\x1e\x07\x1e\x02\x1e%\x95\x00I\x99\xfb\
\xff\xac7\xab\x8a6\xdc\xbb;\x00\x00\x00\x00IEN\
D\xaeB`\x82\
"

qt_resource_name = b"\
\x00\x05\
\x00o\xa6S\
\x00i\
\x00c\x00o\x00n\x00s\
\x00\x0d\
\x0a\x86q\xa7\
\x00o\
\x00p\x00e\x00n\x00-\x00b\x00o\x00o\x00k\x00.\x00p\x00n\x00g\
\x00\x08\
\x05\x81Y'\
\x00l\
\x00o\x00a\x00n\x00.\x00p\x00n\x00g\
\x00\x0f\
\x0e6\xce\xe7\
\x00a\
\x00c\x00t\x00i\x00v\x00e\x00-\x00b\x00e\x00l\x00l\x00.\x00p\x00n\x00g\
\x00\x08\
\x09\xc5X\xc7\
\x00u\
\x00s\x00e\x00r\x00.\x00p\x00n\x00g\
\x00\x08\
\x0cXY'\
\x00m\
\x00e\x00n\x00u\x00.\x00p\x00n\x00g\
\x00\x11\
\x0f\x9d\x0e\xe7\
\x00d\
\x00e\x00a\x00c\x00t\x00i\x00v\x00e\x00-\x00b\x00e\x00l\x00l\x00.\x00p\x00n\x00g\
\
"

qt_resource_struct = b"\
\x00\x00\x00\x00\x00\x02\x00\x00\x00\x01\x00\x00\x00\x01\
\x00\x00\x00\x00\x00\x00\x00\x00\
\x00\x00\x00\x00\x00\x02\x00\x00\x00\x01\x00\x00\x00\x02\
\x00\x00\x00\x00\x00\x00\x00\x00\
\x00\x00\x00\x00\x00\x02\x00\x00\x00\x06\x00\x00\x00\x03\
\x00\x00\x00\x00\x00\x00\x00\x00\
\x00\x00\x000\x00\x00\x00\x00\x00\x01\x00\x00\x18\xa4\
\x00\x00\x01\xa0.\x8f~P\
\x00\x00\x00j\x00\x00\x00\x00\x00\x01\x00\x00j\x8f\
\x00\x00\x01\xa0.\x8c\xaf\xe9\
\x00\x00\x00\x10\x00\x00\x00\x00\x00\x01\x00\x00\x00\x00\
\x00\x00\x01\xa0.\x8dn\x84\
\x00\x00\x00\x80\x00\x00\x00\x00\x00\x01\x00\x00\x95\xeb\
\x00\x00\x01\xa0.\x9c:(\
\x00\x00\x00F\x00\x00\x00\x00\x00\x01\x00\x00=l\
\x00\x00\x01\xa0/\x92\x9e\xc2\
\x00\x00\x00\x96\x00\x00\x00\x00\x00\x01\x00\x00\xa7\xa5\
\x00\x00\x01\xa0/\x92\x0d\x09\
"

def qInitResources():
    QtCore.qRegisterResourceData(0x03, qt_resource_struct, qt_resource_name, qt_resource_data)

def qCleanupResources():
    QtCore.qUnregisterResourceData(0x03, qt_resource_struct, qt_resource_name, qt_resource_data)

qInitResources()
